speaker_id,youtube_id,url,split,priority,use,notes
id000001,Xu6kJTU97lA,https://www.youtube.com/watch?v=Xu6kJTU97lA,train,1,1,entrevista larga
id000001,dJUtQeUuCJM,https://www.youtube.com/watch?v=dJUtQeUuCJM,train,2,1,segunda entrevista
id000001,0wzQoxQuSIY,https://www.youtube.com/watch?v=0wzQoxQuSIY,train,3,1,tercera entrevista
id000001,HX0DX846jnU,https://www.youtube.com/watch?v=HX0DX846jnU,train,4,1,cuarta entrevista
id000001,1VfGfz_A3pI,https://www.youtube.com/watch?v=1VfGfz_A3pI,train,5,1,quinta entrevista
  
id000002,GJnSsecn_C0,https://www.youtube.com/watch?v=GJnSsecn_C0,train,1,1,entrevista tv
id000002,79R9jCTVjMQ,https://www.youtube.com/watch?v=79R9jCTVjMQ,train,2,1,entrevista tv
id000002,qocJo5ithuQ,https://www.youtube.com/watch?v=qocJo5ithuQ,train,3,1,entrevista tv
id000002,-E6QhQEAfLg,https://www.youtube.com/watch?v=-E6QhQEAfLg,train,4,1,entrevista tv

id000003,ufWPwfLvcRg,https://www.youtube.com/watch?v=ufWPwfLvcRg,train,1,1,entrevista 
id000003,nbdNzpq0qvA,https://www.youtube.com/watch?v=nbdNzpq0qvA,train,2,1,entrevista 
id000003,RV5jtNSCqwI,https://www.youtube.com/watch?v=RV5jtNSCqwI,train,3,1,entrevista 
id000003,60eNUczxqq0,https://www.youtube.com/watch?v=60eNUczxqq0,train,4,1,entrevista 

id000004,IRCtmpBjUhk,https://www.youtube.com/watch?v=IRCtmpBjUhk,train,1,1,entrevista tv
id000004,dtv2Oe9irdU,https://www.youtube.com/watch?v=dtv2Oe9irdU,train,2,1,entrevista tv
id000004,zty4VgKtk20,https://www.youtube.com/watch?v=zty4VgKtk20,train,3,1,entrevista 
id000004,qHHQC3kPNZ0,https://www.youtube.com/watch?v=qHHQC3kPNZ0,train,4,1,entrevista tv

id000005,GGXIR6uzXJM,https://www.youtube.com/watch?v=GGXIR6uzXJM,train,1,1,entrevista tv
id000005,pCch9emSXqA,https://www.youtube.com/watch?v=pCch9emSXqA,train,2,1,entrevista tv
id000005,EVkYXISiTJE,https://www.youtube.com/watch?v=EVkYXISiTJE,train,3,1,entrevista tv
id000005,JbuP8HRsI_Q,https://www.youtube.com/watch?v=JbuP8HRsI_Q,train,4,1,entrevista tv

id000006,PEute8IqrgE,https://www.youtube.com/watch?v=PEute8IqrgE,train,1,1,entrevista tv
id000006,Z90Xv5-7yOc,https://www.youtube.com/watch?v=Z90Xv5-7yOc,train,2,1,entrevista tv
id000006,wDGElqPyZQY,https://www.youtube.com/watch?v=wDGElqPyZQY,train,3,1,entrevista tv
id000006,Qv0vBjdyzx4,https://www.youtube.com/watch?v=Qv0vBjdyzx4,train,4,1,entrevista tv

id000007,AQ9f-BO-TXo,https://www.youtube.com/watch?v=AQ9f-BO-TXo,train,1,1,entrevista tv
id000007,ptkoDyaDc3s,https://www.youtube.com/watch?v=ptkoDyaDc3s,train,2,1,entrevista tv
id000007,5HlNAEaSMo8,https://www.youtube.com/watch?v=5HlNAEaSMo8,train,3,1,entrevista tv
id000007,6V6PvSwGI30,https://www.youtube.com/watch?v=6V6PvSwGI30,train,4,1,entrevista tv

id000008,fPAV18HqIZA,https://www.youtube.com/watch?v=fPAV18HqIZA,train,1,1,entrevista tv
id000008,s3OZ08rk2Uk,https://www.youtube.com/watch?v=s3OZ08rk2Uk,train,2,1,entrevista tv
id000008,hGzXOUqxSz0,https://www.youtube.com/watch?v=hGzXOUqxSz0,train,3,1,entrevista tv
id000008,6u3-X4AMSBc,https://www.youtube.com/watch?v=6u3-X4AMSBc,train,4,1,entrevista tv
id000008,y2FrZ6EbN1c,https://www.youtube.com/watch?v=y2FrZ6EbN1c,train,5,1,entrevista tv
id000008,AydVkMW0ANU,https://www.youtube.com/watch?v=AydVkMW0ANU,train,6,1,entrevista tv

id000009,WTc5-nAZC0s,https://www.youtube.com/watch?v=WTc5-nAZC0s,train,1,1,entrevista tv
id000009,BVXCfWcynaw,https://www.youtube.com/watch?v=BVXCfWcynaw,train,2,1,entrevista tv
id000009,635sRyxr7AE,https://www.youtube.com/watch?v=635sRyxr7AE,train,3,1,entrevista tv
id000009,1643LBDDd6A,https://www.youtube.com/watch?v=1643LBDDd6A,train,4,1,entrevista tv

id000010,GOZvPaOxCrM,https://www.youtube.com/watch?v=GOZvPaOxCrM,train,1,1,entrevista tv
id000010,Zq_uHvmoIl8,https://www.youtube.com/watch?v=Zq_uHvmoIl8,train,2,1,entrevista tv
id000010,DAE3kgEdOb8,https://www.youtube.com/watch?v=DAE3kgEdOb8,train,3,1,entrevista tv
id000010,OxLxNoVM-TI,https://www.youtube.com/watch?v=OxLxNoVM-TI,train,4,1,entrevista tv        

id000011,DNS6KllLi58,https://www.youtube.com/watch?v=DNS6KllLi58,train,1,1,entrevista tv
id000011,F5Kb1NQKXvE,https://www.youtube.com/watch?v=F5Kb1NQKXvE,train,2,1,entrevista tv
id000011,cIjHj6xF-oo,https://www.youtube.com/watch?v=cIjHj6xF-oo,train,3,1,entrevista tv
id000011,17SYr1XIoy0,https://www.youtube.com/watch?v=17SYr1XIoy0,train,4,1,entrevista tv 
id000011,JGsaXIWFI1I,https://www.youtube.com/watch?v=JGsaXIWFI1I,train,5,1,entrevista tv
id000011,5yXv9CtutbM,https://www.youtube.com/watch?v=5yXv9CtutbM,train,6,1,entrevista tv
id000011,oL0yvpbAaqw,https://www.youtube.com/watch?v=oL0yvpbAaqw,train,7,1,entrevista tv
id000011,T_z4wuhII8w,https://www.youtube.com/watch?v=T_z4wuhII8w,train,8,1,entrevista tv
id000011,Bb7n3aK8Yto,https://www.youtube.com/watch?v=Bb7n3aK8Yto,train,9,1,entrevista tv

id000012,N7OEs_gxFKY,https://www.youtube.com/watch?v=N7OEs_gxFKY,train,1,1,entrevista tv
id000012,cvjvbxbaq94,https://www.youtube.com/watch?v=cvjvbxbaq94,train,2,1,entrevista tv
id000012,8emUM2lEngo,https://www.youtube.com/watch?v=8emUM2lEngo,train,3,1,entrevista tv
id000012,6ygne3SHLiI,https://www.youtube.com/watch?v=6ygne3SHLiI,train,4,1,entrevista tv  

id000013,dMSdUSFuqoo,https://www.youtube.com/watch?v=dMSdUSFuqoo,train,1,1,entrevista tv
id000013,LECmjnQhZ1o,https://www.youtube.com/watch?v=LECmjnQhZ1o,train,2,1,entrevista tv
id000013,JIIEHhBreYk,https://www.youtube.com/watch?v=JIIEHhBreYk,train,3,1,entrevista tv
id000013,XQX6o35jjwM,https://www.youtube.com/watch?v=XQX6o35jjwM,train,4,1,entrevista tv  

id000014,-Way-Xj_-hQ,https://www.youtube.com/watch?v=-Way-Xj_-hQ,train,1,1,entrevista tv
id000014,hyZ-xg3Cz6M,https://www.youtube.com/watch?v=hyZ-xg3Cz6M,train,2,1,entrevista tv
id000014,lxP6BUqU7tM,https://www.youtube.com/watch?v=lxP6BUqU7tM,train,3,1,entrevista tv 
id000014,esclIaOlPu4,https://www.youtube.com/watch?v=esclIaOlPu4,train,4,1,entrevista tv 
id000014,LH_r3-IBfrc,https://www.youtube.com/watch?v=LH_r3-IBfrc,train,5,1,entrevista tv
id000014,-tV-a4V59Qw,https://www.youtube.com/watch?v=-tV-a4V59Qw,train,6,1,entrevista tv
id000014,Qr8bM63keQY,https://www.youtube.com/watch?v=Qr8bM63keQY,train,7,1,entrevista tv
id000014,ZVBYo-5Ziwg,https://www.youtube.com/watch?v=ZVBYo-5Ziwg,train,8,1,entrevista tv
id000014,F8jG-OIumi0,https://www.youtube.com/watch?v=F8jG-OIumi0,train,9,1,entrevista tv

id000015,Jyy0iHXhiFk,https://www.youtube.com/watch?v=Jyy0iHXhiFk,train,1,1,entrevista tv
id000015,SnaDXW2lqs4,https://www.youtube.com/watch?v=SnaDXW2lqs4,train,2,1,entrevista tv
id000015,PZAqWaotNFY,https://www.youtube.com/watch?v=PZAqWaotNFY,train,3,1,entrevista tv
id000015,q2sb7lm2gAs,https://www.youtube.com/watch?v=q2sb7lm2gAs,train,4,1,entrevista tv  

id000016,DnUmh7swFVc,https://www.youtube.com/watch?v=DnUmh7swFVc,train,1,1,entrevista tv
id000016,RXLTdBlnzD0,https://www.youtube.com/watch?v=RXLTdBlnzD0,train,2,1,entrevista tv
id000016,s5Fm5vke25M,https://www.youtube.com/watch?v=s5Fm5vke25M,train,3,1,entrevista tv
id000016,oj2yBMpudRs,https://www.youtube.com/watch?v=oj2yBMpudRs,train,4,1,entrevista tv 

id000017,iOA9BKaN5VU,https://www.youtube.com/watch?v=iOA9BKaN5VU,train,1,1,entrevista tv
id000017,gBRoL8_iZpc,https://www.youtube.com/watch?v=gBRoL8_iZpc,train,2,1,entrevista tv
id000017,Hx-M30iEJ6o,https://www.youtube.com/watch?v=Hx-M30iEJ6o,train,3,1,entrevista tv
id000017,Nr7_QGJyk68,https://www.youtube.com/watch?v=Nr7_QGJyk68,train,4,1,entrevista tv 

id000018,ENVggSvxGbE,https://www.youtube.com/watch?v=ENVggSvxGbE,train,1,1,entrevista tv
id000018,Z5VRL8lykRg,https://www.youtube.com/watch?v=Z5VRL8lykRg,train,2,1,entrevista tv
id000018,SXUJGlXxKSI,https://www.youtube.com/watch?v=SXUJGlXxKSI,train,3,1,entrevista tv
id000018,noKUj6iQeHI,https://www.youtube.com/watch?v=noKUj6iQeHI,train,4,1,entrevista tv 
id000018,LxwczsM71KU,https://www.youtube.com/watch?v=LxwczsM71KU,train,5,1,entrevista tv
id000018,AOhOLj98qm8,https://www.youtube.com/watch?v=AOhOLj98qm8,train,6,1,entrevista tv
id000018,pCHufkNI99A,https://www.youtube.com/watch?v=pCHufkNI99A,train,7,1,entrevista tv 
id000018,g3b74J4qk1M,https://www.youtube.com/watch?v=g3b74J4qk1M,train,8,1,entrevista tv
id000018,_RkLMVHtOA4,https://www.youtube.com/watch?v=_RkLMVHtOA4,train,9,1,entrevista tv

id000019,-M8NNtqdjro,https://www.youtube.com/watch?v=-M8NNtqdjro,train,1,1,entrevista tv
id000019,1NQ2hr8IzCc,https://www.youtube.com/watch?v=1NQ2hr8IzCc,train,2,1,entrevista tv
id000019,BopWdVhg7f4,https://www.youtube.com/watch?v=BopWdVhg7f4,train,3,1,entrevista tv
id000019,XtweDzYW6Fc,https://www.youtube.com/watch?v=XtweDzYW6Fc,train,4,1,entrevista tv 
id000019,psxFeBFkriU,https://www.youtube.com/watch?v=psxFeBFkriU,train,5,1,entrevista tv

id000020,V7tjIS6LLCs,https://www.youtube.com/watch?v=V7tjIS6LLCs,train,1,1,entrevista tv
id000020,5ptc5CXxxvo,https://www.youtube.com/watch?v=5ptc5CXxxvo,train,2,1,entrevista tv
id000020,ai9EnRgkQ2w,https://www.youtube.com/watch?v=ai9EnRgkQ2w,train,3,1,entrevista tv
id000020,ftyc1oNYkx8,https://www.youtube.com/watch?v=ftyc1oNYkx8,train,4,1,entrevista tv 

id000021,x2QY_ftyw-M,https://www.youtube.com/watch?v=x2QY_ftyw-M,train,1,1,entrevista tv
id000021,eQOGrfZW1t8,https://www.youtube.com/watch?v=eQOGrfZW1t8,train,2,1,entrevista tv
id000021,SDOWxZZHLFo,https://www.youtube.com/watch?v=SDOWxZZHLFo,train,3,1,entrevista tv
id000021,y3_6e2H3adU,https://www.youtube.com/watch?v=y3_6e2H3adU,train,4,1,entrevista tv 
id000021,KZeQHulIuBE,https://www.youtube.com/watch?v=KZeQHulIuBE,train,5,1,entrevista tv 
id000021,AOlrhpRzsNQ,https://www.youtube.com/watch?v=AOlrhpRzsNQ,train,6,1,entrevista tv 
id000021,Sm1trXvj_n8,https://www.youtube.com/watch?v=Sm1trXvj_n8,train,7,1,entrevista tv
id000021,eo_7whXUzxE,https://www.youtube.com/watch?v=eo_7whXUzxE,train,8,1,entrevista tv
id000021,84880ol4mBU,https://www.youtube.com/watch?v=84880ol4mBU,train,9,1,entrevista tv
id000021,97BIL4EW6K4,https://www.youtube.com/watch?v=97BIL4EW6K4,train,10,1,entrevista tv

id000022,bXHWVahdERY,https://www.youtube.com/watch?v=bXHWVahdERY,train,1,1,entrevista tv
id000022,AZMD3TcEQeY,https://www.youtube.com/watch?v=AZMD3TcEQeY,train,2,1,entrevista tv
id000022,8NaSUsYg9iw,https://www.youtube.com/watch?v=8NaSUsYg9iw,train,3,1,entrevista tv
id000022,6AcU5K6_mCs,https://www.youtube.com/watch?v=6AcU5K6_mCs,train,4,1,entrevista tv 

id000023,9XNPoDWNegk,https://www.youtube.com/watch?v=9XNPoDWNegk,train,1,1,entrevista tv
id000023,7OHBDp12wBs,https://www.youtube.com/watch?v=7OHBDp12wBs,train,2,1,entrevista tv
id000023,gvtunFG0snY,https://www.youtube.com/watch?v=gvtunFG0snY,train,3,1,entrevista tv
id000023,2DjijzVCUKE,https://www.youtube.com/watch?v=2DjijzVCUKE,train,4,1,entrevista tv 
id000023,ehAGkIZYzMA,https://www.youtube.com/watch?v=ehAGkIZYzMA,train,5,1,entrevista tv

id000024,sGjiG_gUhhM,https://www.youtube.com/watch?v=sGjiG_gUhhM,train,1,1,entrevista tv
id000024,dyObrcMy9Q0,https://www.youtube.com/watch?v=dyObrcMy9Q0,train,2,1,entrevista tv
id000024,CRjiO4HBDyM,https://www.youtube.com/watch?v=CRjiO4HBDyM,train,3,1,entrevista tv
id000024,r7m5m8ko-c8,https://www.youtube.com/watch?v=r7m5m8ko-c8,train,4,1,entrevista tv 
id000024,iAc3_zVjaTI,https://www.youtube.com/watch?v=iAc3_zVjaTI,train,5,1,entrevista tv
id000024,QRbCjNs-mkE,https://www.youtube.com/watch?v=QRbCjNs-mkE,train,6,1,entrevista tv
id000024,WsLVPn20Os0,https://www.youtube.com/watch?v=WsLVPn20Os0,train,7,1,entrevista tv
id000024,X_udDRyibTA,https://www.youtube.com/watch?v=X_udDRyibTA,train,8,1,entrevista tv

id000025,qxahjwhXGjg,https://www.youtube.com/watch?v=qxahjwhXGjg,train,1,1,entrevista tv
id000025,MvharN3afE0,https://www.youtube.com/watch?v=MvharN3afE0,train,2,1,entrevista tv
id000025,ECp2Yflranc,https://www.youtube.com/watch?v=ECp2Yflranc,train,3,1,entrevista tv
id000025,d_wRtdr1WSI,https://www.youtube.com/watch?v=d_wRtdr1WSI,train,4,1,entrevista tv 

id000026,dpt94BUJqxs,https://www.youtube.com/watch?v=dpt94BUJqxs,train,1,1,entrevista tv
id000026,549mU8Bh4os,https://www.youtube.com/watch?v=549mU8Bh4os,train,2,1,entrevista tv
id000026,UcEmcEEmKbw,https://www.youtube.com/watch?v=UcEmcEEmKbw,train,3,1,entrevista tv
id000026,lqfK6HAFbFE,https://www.youtube.com/watch?v=lqfK6HAFbFE,train,4,1,entrevista tv 

id000027,zy5m9Vn2AF0,https://www.youtube.com/watch?v=zy5m9Vn2AF0,train,1,1,entrevista tv
id000027,AJ4Wn_gC5sk,https://www.youtube.com/watch?v=AJ4Wn_gC5sk,train,2,1,entrevista tv
id000027,9xPVJL0tZB8,https://www.youtube.com/watch?v=9xPVJL0tZB8,train,3,1,entrevista tv
id000027,4k4L0nG1ZKI,https://www.youtube.com/watch?v=4k4L0nG1ZKI,train,4,1,entrevista tv 

id000028,fo6IUO8S5NY,https://www.youtube.com/watch?v=fo6IUO8S5NY,train,1,1,entrevista tv
id000028,CR0y9kKVUMo,https://www.youtube.com/watch?v=CR0y9kKVUMo,train,2,1,entrevista tv
id000028,zx2tyNo-HVc,https://www.youtube.com/watch?v=zx2tyNo-HVc,train,3,1,entrevista tv
id000028,KZw3BmHjAhw,https://www.youtube.com/watch?v=KZw3BmHjAhw,train,4,1,entrevista tv 
id000028,bSPkfpwY-gI,https://www.youtube.com/watch?v=bSPkfpwY-gI,train,5,1,entrevista tv
id000028,1OoxU0WkN-M,https://www.youtube.com/watch?v=1OoxU0WkN-M,train,6,1,entrevista tv

id000029,XdpsWA_ywy8,https://www.youtube.com/watch?v=XdpsWA_ywy8,train,1,1,entrevista tv
id000029,2ryPTcB1lbg,https://www.youtube.com/watch?v=2ryPTcB1lbg,train,2,1,entrevista tv
id000029,XpOajqZkqcw,https://www.youtube.com/watch?v=XpOajqZkqcw,train,3,1,entrevista tv
id000029,YHbUhu3pcsg,https://www.youtube.com/watch?v=YHbUhu3pcsg,train,4,1,entrevista tv 
id000029,Sa02zVDjNhA,https://www.youtube.com/watch?v=Sa02zVDjNhA,train,5,1,entrevista tv

id000030,kx7gmDW42B8,https://www.youtube.com/watch?v=kx7gmDW42B8,train,1,1,entrevista tv
id000030,pNZ5Cw0SJsM,https://www.youtube.com/watch?v=pNZ5Cw0SJsM,train,2,1,entrevista tv
id000030,7zg5Xz748qc,https://www.youtube.com/watch?v=7zg5Xz748qc,train,3,1,entrevista tv
id000030,C6kG0M3Kuns,https://www.youtube.com/watch?v=C6kG0M3Kuns,train,4,1,entrevista tv 

id000031,rtV9LENdJW8,https://www.youtube.com/watch?v=rtV9LENdJW8,train,1,1,entrevista tv
id000031,KFq_M97MgdE,https://www.youtube.com/watch?v=KFq_M97MgdE,train,2,1,entrevista tv
id000031,3c6O7VRtMKQ,https://www.youtube.com/watch?v=3c6O7VRtMKQ,train,3,1,entrevista tv
id000031,gbbpReNpPzs,https://www.youtube.com/watch?v=gbbpReNpPzs,train,4,1,entrevista tv 
id000031,8e8fLRwlLik,https://www.youtube.com/watch?v=8e8fLRwlLik,train,5,1,entrevista tv
id000031,TaGPVZEyKzk,https://www.youtube.com/watch?v=TaGPVZEyKzk,train,6,1,entrevista tv
id000031,OTeqZwjyIpc,https://www.youtube.com/watch?v=OTeqZwjyIpc,train,7,1,entrevista tv

id000032,KZIaBW16Rk8,https://www.youtube.com/watch?v=KZIaBW16Rk8,train,1,1,entrevista tv
id000032,KkSn1xICQEY,https://www.youtube.com/watch?v=KkSn1xICQEY,train,2,1,entrevista tv
id000032,Cw4wvOThApQ,https://www.youtube.com/watch?v=Cw4wvOThApQ,train,3,1,entrevista tv
id000032,T9F_S64aOPk,https://www.youtube.com/watch?v=T9F_S64aOPk,train,4,1,entrevista tv 

id000033,1u2N_vvupcc,https://www.youtube.com/watch?v=1u2N_vvupcc,train,1,1,entrevista tv
id000033,qNiiPg62i8g,https://www.youtube.com/watch?v=qNiiPg62i8g,train,2,1,entrevista tv
id000033,jP9dbZfjBcU,https://www.youtube.com/watch?v=jP9dbZfjBcU,train,3,1,entrevista tv
id000033,2RVoq_AB7YM,https://www.youtube.com/watch?v=2RVoq_AB7YM,train,4,1,entrevista tv 

id000034,CueJozLHJ6M,https://www.youtube.com/watch?v=CueJozLHJ6M,train,1,1,entrevista tv
id000034,Lx40Z7lfmj8,https://www.youtube.com/watch?v=Lx40Z7lfmj8,train,2,1,entrevista tv
id000034,PF4t740wkUk,https://www.youtube.com/watch?v=PF4t740wkUk,train,3,1,entrevista tv
id000034,y0AsI42oDzY,https://www.youtube.com/watch?v=y0AsI42oDzY,train,4,1,entrevista tv 

id000035,T2Y3f1I7LsI,https://www.youtube.com/watch?v=T2Y3f1I7LsI,train,1,1,entrevista tv
id000035,hwHYFwd6phw,https://www.youtube.com/watch?v=hwHYFwd6phw,train,2,1,entrevista tv
id000035,0v5VjUKJULM,https://www.youtube.com/watch?v=0v5VjUKJULM,train,3,1,entrevista tv
id000035,6kQNnBJtjRk,https://www.youtube.com/watch?v=6kQNnBJtjRk,train,4,1,entrevista tv 
id000035,zpbEJdFPJeA,https://www.youtube.com/watch?v=zpbEJdFPJeA,train,5,1,entrevista tv

id000036,KUnwc78h6fI,https://www.youtube.com/watch?v=KUnwc78h6fI,train,1,1,entrevista tv
id000036,kWHAR3IJlK0,https://www.youtube.com/watch?v=kWHAR3IJlK0,train,2,1,entrevista tv
id000036,m4Jh3azukYk,https://www.youtube.com/watch?v=m4Jh3azukYk,train,3,1,entrevista tv
id000036,ro3BfuhtYss,https://www.youtube.com/watch?v=ro3BfuhtYss,train,4,1,entrevista tv 
id000036,zouuCwXwli0,https://www.youtube.com/watch?v=zouuCwXwli0,train,5,1,entrevista tv
id000036,QxK52oy-jgQ,https://www.youtube.com/watch?v=QxK52oy-jgQ,train,6,1,entrevista tv

id000037,cdTDEeJSSC8,https://www.youtube.com/watch?v=cdTDEeJSSC8,train,1,1,entrevista tv
id000037,NmG2N4ZUHYo,https://www.youtube.com/watch?v=NmG2N4ZUHYo,train,2,1,entrevista tv
id000037,dZreTRBNUkk,https://www.youtube.com/watch?v=dZreTRBNUkk,train,3,1,entrevista tv
id000037,w5iZa6yMZKY,https://www.youtube.com/watch?v=w5iZa6yMZKY,train,4,1,entrevista tv 

id000038,woukGVnOFdQ,https://www.youtube.com/watch?v=woukGVnOFdQ,train,1,1,entrevista tv
id000038,USjm4Z0GT-4,https://www.youtube.com/watch?v=USjm4Z0GT-4,train,2,1,entrevista tv
id000038,fgcMPccIMP4,https://www.youtube.com/watch?v=fgcMPccIMP4,train,3,1,entrevista tv
id000038,7iI9elpCFCE,https://www.youtube.com/watch?v=7iI9elpCFCE,train,4,1,entrevista tv 
id000038,DCQ_MUxGFYs,https://www.youtube.com/watch?v=DCQ_MUxGFYs,train,5,1,entrevista tv
id000038,VNyTaCvkFxA,https://www.youtube.com/watch?v=VNyTaCvkFxA,train,6,1,entrevista tv
id000038,D93B6yodSNo,https://www.youtube.com/watch?v=D93B6yodSNo,train,7,1,entrevista tv
id000038,l1U_QvN5qPw,https://www.youtube.com/watch?v=l1U_QvN5qPw,train,8,1,entrevista tv

id000039,feAgijr1OOg,https://www.youtube.com/watch?v=feAgijr1OOg,train,1,1,entrevista tv
id000039,53zn9Xcwlqg,https://www.youtube.com/watch?v=53zn9Xcwlqg,train,2,1,entrevista tv
id000039,4Ru2iz0GdbM,https://www.youtube.com/watch?v=4Ru2iz0GdbM,train,3,1,entrevista tv
id000039,il1zHsQR01M,https://www.youtube.com/watch?v=il1zHsQR01M,train,4,1,entrevista tv 

id000040,2IYecUs-Ie8,https://www.youtube.com/watch?v=2IYecUs-Ie8,train,1,1,entrevista tv
id000040,ycDAwv8ovcI,https://www.youtube.com/watch?v=ycDAwv8ovcI,train,2,1,entrevista tv
id000040,jYXh339xsFM,https://www.youtube.com/watch?v=jYXh339xsFM,train,3,1,entrevista tv
id000040,fC2WtdbWVko,https://www.youtube.com/watch?v=fC2WtdbWVko,train,4,1,entrevista tv 
id000040,U8onMDgWGu0,https://www.youtube.com/watch?v=U8onMDgWGu0,train,5,1,entrevista tv

id000041,g4Qd5o7hEy8,https://www.youtube.com/watch?v=g4Qd5o7hEy8,train,1,1,entrevista tv
id000041,2g3R6woS61Q,https://www.youtube.com/watch?v=2g3R6woS61Q,train,2,1,entrevista tv
id000041,sxsh3-UOECg,https://www.youtube.com/watch?v=sxsh3-UOECg,train,3,1,entrevista tv
id000041,1l-lMuN8R4s,https://www.youtube.com/watch?v=1l-lMuN8R4s,train,4,1,entrevista tv 

id000042,cUbRC6dzCLs,https://www.youtube.com/watch?v=cUbRC6dzCLs,train,1,1,entrevista tv
id000042,6ULkv3oW-iQ,https://www.youtube.com/watch?v=6ULkv3oW-iQ,train,2,1,entrevista tv
id000042,UVkD5F-C9ZE,https://www.youtube.com/watch?v=UVkD5F-C9ZE,train,3,1,entrevista tv
id000042,17ytBS6jjOg,https://www.youtube.com/watch?v=17ytBS6jjOg,train,4,1,entrevista tv 

id000043,Q6x5x4B0224,https://www.youtube.com/watch?v=Q6x5x4B0224,train,1,1,entrevista tv
id000043,ohUiZHZU7Vw,https://www.youtube.com/watch?v=ohUiZHZU7Vw,train,2,1,entrevista tv
id000043,_1OtHJrOWXk,https://www.youtube.com/watch?v=_1OtHJrOWXk,train,3,1,entrevista tv
id000043,wpBBhQFRCgo,https://www.youtube.com/watch?v=wpBBhQFRCgo,train,4,1,entrevista tv 
id000043,4wjlUee_POw,https://www.youtube.com/watch?v=4wjlUee_POw,train,5,1,entrevista tv
id000043,e8OpKf4fips,https://www.youtube.com/watch?v=e8OpKf4fips,train,6,1,entrevista tv
id000043,e-oNPWmvZvc,https://www.youtube.com/watch?v=e-oNPWmvZvc,train,7,1,entrevista tv

id000044,CRsbauVkud8,https://www.youtube.com/watch?v=CRsbauVkud8,train,1,1,entrevista tv
id000044,hJFU7j-IDKY,https://www.youtube.com/watch?v=hJFU7j-IDKY,train,2,1,entrevista tv
id000044,xND8Xkms-84,https://www.youtube.com/watch?v=xND8Xkms-84,train,3,1,entrevista tv
id000044,59pNXUzv6EU,https://www.youtube.com/watch?v=59pNXUzv6EU,train,4,1,entrevista tv
id000044,P9hU5fgTddo,https://www.youtube.com/watch?v=P9hU5fgTddo,train,5,1,entrevista tv
id000044,9Wmmf9p7AbQ,https://www.youtube.com/watch?v=9Wmmf9p7AbQ,train,6,1,entrevista tv

id000045,oZv2eUnjPG4,https://www.youtube.com/watch?v=oZv2eUnjPG4,train,1,1,entrevista tv
id000045,TDyOMGjL4ac,https://www.youtube.com/watch?v=TDyOMGjL4ac,train,2,1,entrevista tv
id000045,5KJ13Tt8ijM,https://www.youtube.com/watch?v=5KJ13Tt8ijM,train,3,1,entrevista tv
id000045,DomBdMDX9Po,https://www.youtube.com/watch?v=DomBdMDX9Po,train,4,1,entrevista tv 
id000045,ZHVAm5JJzag,https://www.youtube.com/watch?v=ZHVAm5JJzag,train,5,1,entrevista tv
id000045,rwwDYHtmEgM,https://www.youtube.com/watch?v=rwwDYHtmEgM,train,6,1,entrevista tv

id000046,BlWsj-VAJC0,https://www.youtube.com/watch?v=BlWsj-VAJC0,train,1,1,entrevista tv
id000046,WUtVVmO45KQ,https://www.youtube.com/watch?v=WUtVVmO45KQ,train,2,1,entrevista tv
id000046,NQdCAFQ702w,https://www.youtube.com/watch?v=NQdCAFQ702w,train,3,1,entrevista tv
id000046,QXILkuUAupQ,https://www.youtube.com/watch?v=QXILkuUAupQ,train,4,1,entrevista tv 
id000046,sHpR54ZxqbE,https://www.youtube.com/watch?v=sHpR54ZxqbE,train,5,1,entrevista tv
id000046,10-FT346PBA,https://www.youtube.com/watch?v=10-FT346PBA,train,6,1,entrevista tv

id000047,V7ZdiFDM61k,https://www.youtube.com/watch?v=V7ZdiFDM61k,train,1,1,entrevista tv
id000047,b0agvSqDpds,https://www.youtube.com/watch?v=b0agvSqDpds,train,2,1,entrevista tv
id000047,o_9ZVKbALQI,https://www.youtube.com/watch?v=o_9ZVKbALQI,train,3,1,entrevista tv
id000047,xBkcaPzm1uE,https://www.youtube.com/watch?v=xBkcaPzm1uE,train,4,1,entrevista tv 

id000048,FSGDp4jKCb4,https://www.youtube.com/watch?v=FSGDp4jKCb4,train,1,1,entrevista tv
id000048,bbYhZCas5rs,https://www.youtube.com/watch?v=bbYhZCas5rs,train,2,1,entrevista tv
id000048,aKT5xlpATwE,https://www.youtube.com/watch?v=aKT5xlpATwE,train,3,1,entrevista tv
id000048,Flp5xly9QR8,https://www.youtube.com/watch?v=Flp5xly9QR8,train,4,1,entrevista tv 
id000048,OnqlBjLdiwg,https://www.youtube.com/watch?v=OnqlBjLdiwg,train,5,1,entrevista tv
id000048,LINh8HALAlM,https://www.youtube.com/watch?v=LINh8HALAlM,train,6,1,entrevista tv

id000049,LLqD6dRTvhk,https://www.youtube.com/watch?v=LLqD6dRTvhk,train,1,1,entrevista tv
id000049,5z75bmltpxY,https://www.youtube.com/watch?v=5z75bmltpxY,train,2,1,entrevista tv
id000049,A_OLYVOvz7Y,https://www.youtube.com/watch?v=A_OLYVOvz7Y,train,3,1,entrevista tv
id000049,6kNzvZuWgLI,https://www.youtube.com/watch?v=6kNzvZuWgLI,train,4,1,entrevista tv 

id000050,FRMSoP4YRHw,https://www.youtube.com/watch?v=FRMSoP4YRHw,train,1,1,entrevista tv
id000050,Qvq83fj2tV0,https://www.youtube.com/watch?v=Qvq83fj2tV0,train,2,1,entrevista tv
id000050,DKRyGizarJA,https://www.youtube.com/watch?v=DKRyGizarJA,train,3,1,entrevista tv
id000050,9WhdZ07hzZk,https://www.youtube.com/watch?v=9WhdZ07hzZk,train,4,1,entrevista tv 
id000050,JlPgSflc2O0,https://www.youtube.com/watch?v=JlPgSflc2O0,train,5,1,entrevista tv
id000050,s232Fw7Ek_Y,https://www.youtube.com/watch?v=s232Fw7Ek_Y,train,6,1,entrevista tv

id000051,-pD2OLUzt94,https://www.youtube.com/watch?v=-pD2OLUzt94,train,1,1,entrevista tv
id000051,PbomMgIHRjk,https://www.youtube.com/watch?v=PbomMgIHRjk,train,2,1,entrevista tv
id000051,b2UjTcAb-lY,https://www.youtube.com/watch?v=b2UjTcAb-lY,train,3,1,entrevista tv
id000051,n3SrKpirQos,https://www.youtube.com/watch?v=n3SrKpirQos,train,4,1,entrevista tv 

id000052,iEVFcimOmyI,https://www.youtube.com/watch?v=iEVFcimOmyI,train,1,1,entrevista tv
id000052,HZb82g_gYkU,https://www.youtube.com/watch?v=HZb82g_gYkU,train,2,1,entrevista tv
id000052,4p5f7ZefdTs,https://www.youtube.com/watch?v=4p5f7ZefdTs,train,3,1,entrevista tv
id000052,MzvPkukuIDQ,https://www.youtube.com/watch?v=MzvPkukuIDQ,train,4,1,entrevista tv 

id000053,VG7kfLRwuIs,https://www.youtube.com/watch?v=VG7kfLRwuIs,train,1,1,entrevista tv
id000053,Ssvh-4w_M-k,https://www.youtube.com/watch?v=Ssvh-4w_M-k,train,2,1,entrevista tv
id000053,Un2q5sNZuF0,https://www.youtube.com/watch?v=Un2q5sNZuF0,train,3,1,entrevista tv
id000053,_xom9x2c60c,https://www.youtube.com/watch?v=_xom9x2c60c,train,4,1,entrevista tv

id000054,-Zuahw9yiyU,https://www.youtube.com/watch?v=-Zuahw9yiyU,train,1,1,entrevista tv
id000054,NQTNc-HDhf0,https://www.youtube.com/watch?v=NQTNc-HDhf0,train,2,1,entrevista tv
id000054,iBiHDWDEFXc,https://www.youtube.com/watch?v=iBiHDWDEFXc,train,3,1,entrevista tv
id000054,wnTHNetjf0E,https://www.youtube.com/watch?v=wnTHNetjf0E,train,4,1,entrevista tv

id000055,6XVLmoSKSqw,https://www.youtube.com/watch?v=6XVLmoSKSqw,train,1,1,entrevista tv
id000055,z2mvjhY_7xg,https://www.youtube.com/watch?v=z2mvjhY_7xg,train,2,1,entrevista tv
id000055,H-R4Pvz4aSM,https://www.youtube.com/watch?v=H-R4Pvz4aSM,train,3,1,entrevista tv   
id000055,KrRJaAHu3Gw,https://www.youtube.com/watch?v=KrRJaAHu3Gw,train,4,1,entrevista tv

id000056,9LzzRQQW73A,https://www.youtube.com/watch?v=9LzzRQQW73A,train,1,1,entrevista tv
id000056,ZxGkW7hRtQU,https://www.youtube.com/watch?v=ZxGkW7hRtQU,train,2,1,entrevista tv
id000056,Zy14TWGLV9A,https://www.youtube.com/watch?v=Zy14TWGLV9A,train,3,1,entrevista tv   
id000056,YFbMpz-BFzw,https://www.youtube.com/watch?v=YFbMpz-BFzw,train,4,1,entrevista tv
id000056,ZhX4IFR481o,https://www.youtube.com/watch?v=ZhX4IFR481o,train,5,1,entrevista tv
id000056,kQ54NtH5go4,https://www.youtube.com/watch?v=kQ54NtH5go4,train,6,1,entrevista tv

id000057,-pxFbgJmPqg,https://www.youtube.com/watch?v=-pxFbgJmPqg,train,1,1,entrevista tv
id000057,WyXkPPe7-k8,https://www.youtube.com/watch?v=WyXkPPe7-k8,train,2,1,entrevista tv
id000057,7lKy8K2BNSg,https://www.youtube.com/watch?v=7lKy8K2BNSg,train,3,1,entrevista tv   
id000057,5o5FE2V48XI,https://www.youtube.com/watch?v=5o5FE2V48XI,train,4,1,entrevista tv

id000058,pEeJaHXUVd0,https://www.youtube.com/watch?v=pEeJaHXUVd0,train,1,1,entrevista tv
id000058,GnJWVvk69UQ,https://www.youtube.com/watch?v=GnJWVvk69UQ,train,2,1,entrevista tv
id000058,TC5Kib1iAA8,https://www.youtube.com/watch?v=TC5Kib1iAA8,train,3,1,entrevista tv   
id000058,fRfzYQvOyIA,https://www.youtube.com/watch?v=fRfzYQvOyIA,train,4,1,entrevista tv

id000059,3o1fNnOTiKY,https://www.youtube.com/watch?v=3o1fNnOTiKY,train,1,1,entrevista tv
id000059,RGux8bKNqiI,https://www.youtube.com/watch?v=RGux8bKNqiI,train,2,1,entrevista tv
id000059,3X4wtUmnFzI,https://www.youtube.com/watch?v=3X4wtUmnFzI,train,3,1,entrevista tv   
id000059,kgfXptN1cY0,https://www.youtube.com/watch?v=kgfXptN1cY0,train,4,1,entrevista tv

id000060,N-3VdrJ8cxA,https://www.youtube.com/watch?v=N-3VdrJ8cxA,train,1,1,entrevista tv
id000060,NI6E2tBiKFg,https://www.youtube.com/watch?v=NI6E2tBiKFg,train,2,1,entrevista tv
id000060,x47B2zVuTxE,https://www.youtube.com/watch?v=x47B2zVuTxE,train,3,1,entrevista tv   
id000060,mHCiKBzU2AQ,https://www.youtube.com/watch?v=mHCiKBzU2AQ,train,4,1,entrevista tv
id000060,m4WyiSuXiZc,https://www.youtube.com/watch?v=m4WyiSuXiZc,train,5,1,entrevista tv
id000060,HjwnGWs07AM,https://www.youtube.com/watch?v=HjwnGWs07AM,train,6,1,entrevista tv

id000061,oDjHloeTYxA,https://www.youtube.com/watch?v=oDjHloeTYxA,train,1,1,entrevista tv
id000061,0P5j-Vz6zI0,https://www.youtube.com/watch?v=ehjVy6fM3Uc,train,2,1,entrevista tv
id000061,vZJzyTb9_w0,https://www.youtube.com/watch?v=vZJzyTb9_w0,train,3,1,entrevista tv
id000061,QMHaQKohN5U,https://www.youtube.com/watch?v=QMHaQKohN5U,train,4,1,entrevista tv 
id000061,QZCDgZ_JRQ8,https://www.youtube.com/watch?v=QZCDgZ_JRQ8,train,5,1,entrevista tv
id000061,1-4vtMJNtpI,https://www.youtube.com/watch?v=1-4vtMJNtpI,train,6,1,entrevista tv

id000062,7ls7j33WFdw,https://www.youtube.com/watch?v=7ls7j33WFdw,train,1,1,entrevista tv
id000062,I8orFMuEf5o,https://www.youtube.com/watch?v=I8orFMuEf5o,train,2,1,entrevista tv
id000062,4XKnsqVPuqI,https://www.youtube.com/watch?v=4XKnsqVPuqI,train,3,1,entrevista tv
id000062,GU7iPgIFRAY,https://www.youtube.com/watch?v=GU7iPgIFRAY,train,4,1,entrevista tv 
id000062,sHZR-jxbDR8,https://www.youtube.com/watch?v=sHZR-jxbDR8,train,5,1,entrevista tv 

id000063,G_Xb_LsGHaA,https://www.youtube.com/watch?v=G_Xb_LsGHaA,train,1,1,entrevista tv
id000063,M9asaBXS4Ko,https://www.youtube.com/watch?v=M9asaBXS4Ko,train,2,1,entrevista tv
id000063,3GDTN4H3t5Y,https://www.youtube.com/watch?v=3GDTN4H3t5Y,train,3,1,entrevista tv
id000063,XCCn9ZVh63M,https://www.youtube.com/watch?v=XCCn9ZVh63M,train,4,1,entrevista tv

id000064,9WO_syqE-h8,https://www.youtube.com/watch?v=9WO_syqE-h8,train,1,1,entrevista tv
id000064,ORbzDHBUTP4,https://www.youtube.com/watch?v=ORbzDHBUTP4,train,2,1,entrevista tv
id000064,y3wr-DYGmlQ,https://www.youtube.com/watch?v=y3wr-DYGmlQ,train,3,1,entrevista tv
id000064,Fpfkg1c7lcE,https://www.youtube.com/watch?v=Fpfkg1c7lcE,train,4,1,entrevista tv

id000065,tzQRBR_E7fg,https://www.youtube.com/watch?v=tzQRBR_E7fg,train,1,1,entrevista tv
id000065,HVrUhXbp_ao,https://www.youtube.com/watch?v=HVrUhXbp_ao,train,2,1,entrevista tv
id000065,cQg-qyDG1sE,https://www.youtube.com/watch?v=cQg-qyDG1sE,train,3,1,entrevista tv   
id000065,i9wwdsTXt0k,https://www.youtube.com/watch?v=i9wwdsTXt0k,train,4,1,entrevista tv

id000066,eDGvO7ty3k8,https://www.youtube.com/watch?v=eDGvO7ty3k8,train,1,1,entrevista tv
id000066,-TkajCkBr_g,https://www.youtube.com/watch?v=-TkajCkBr_g,train,2,1,entrevista tv
id000066,29GrI2PUDv8,https://www.youtube.com/watch?v=29GrI2PUDv8,train,3,1,entrevista tv   
id000066,S7whf-iROnA,https://www.youtube.com/watch?v=S7whf-iROnA,train,4,1,entrevista tv

id000067,TNWx32-FAk4,https://www.youtube.com/watch?v=TNWx32-FAk4,train,1,1,entrevista tv
id000067,f9u1hACaYT0,https://www.youtube.com/watch?v=f9u1hACaYT0,train,2,1,entrevista tv
id000067,Fz7CXaMLxjE,https://www.youtube.com/watch?v=Fz7CXaMLxjE,train,3,1,entrevista tv   
id000067,c2jDHduVTkU,https://www.youtube.com/watch?v=c2jDHduVTkU,train,4,1,entrevista tv

id000068,-StHRz0hB58,https://www.youtube.com/watch?v=-StHRz0hB58,train,1,1,entrevista tv
id000068,YZ4GSdkX5mQ,https://www.youtube.com/watch?v=YZ4GSdkX5mQ,train,2,1,entrevista tv
id000068,ykX19UJq5wU,https://www.youtube.com/watch?v=ykX19UJq5wU,train,3,1,entrevista tv   
id000068,rm15uRAcyiM,https://www.youtube.com/watch?v=rm15uRAcyiM,train,4,1,entrevista tv

id000069,JlwR85A6Bx4,https://www.youtube.com/watch?v=JlwR85A6Bx4,train,1,1,entrevista tv
id000069,7vV4GGbAORY,https://www.youtube.com/watch?v=7vV4GGbAORY,train,2,1,entrevista tv
id000069,dFPBzQtbZMA,https://www.youtube.com/watch?v=dFPBzQtbZMA,train,3,1,entrevista tv   
id000069,VRKWyq_W4k4,https://www.youtube.com/watch?v=VRKWyq_W4k4,train,4,1,entrevista tv

id000070,yg65zAIPat0,https://www.youtube.com/watch?v=yg65zAIPat0,train,1,1,entrevista tv
id000070,-lVAkDsb-wA,https://www.youtube.com/watch?v=-lVAkDsb-wA,train,2,1,entrevista tv
id000070,wockCXFCcDk,https://www.youtube.com/watch?v=wockCXFCcDk,train,3,1,entrevista tv   
id000070,iEfD4UTfKlk,https://www.youtube.com/watch?v=iEfD4UTfKlk,train,4,1,entrevista tv

id000071,HK1DqII0L6s,https://www.youtube.com/watch?v=HK1DqII0L6s,train,1,1,entrevista tv
id000071,6-WVHh5DvVA,https://www.youtube.com/watch?v=6-WVHh5DvVA,train,2,1,entrevista tv
id000071,ypkSWSZdNb8,https://www.youtube.com/watch?v=ypkSWSZdNb8,train,3,1,entrevista tv
id000071,ZLyPWRVKJSQ,https://www.youtube.com/watch?v=ZLyPWRVKJSQ,train,4,1,entrevista tv 

id000072,Pi0pZiEzo_o,https://www.youtube.com/watch?v=Pi0pZiEzo_o,train,1,1,entrevista tv
id000072,YNkmd-paAyU,https://www.youtube.com/watch?v=YNkmd-paAyU,train,2,1,entrevista tv
id000072,6ZRBMZiwVMo,https://www.youtube.com/watch?v=6ZRBMZiwVMo,train,3,1,entrevista tv
id000072,jj2IJMaNTBA,https://www.youtube.com/watch?v=jj2IJMaNTBA,train,4,1,entrevista tv 
id000072,ZM-0xrESaoM,https://www.youtube.com/watch?v=ZM-0xrESaoM,train,5,1,entrevista tv

id000073,nQcwPEFWWMs,https://www.youtube.com/watch?v=nQcwPEFWWMs,train,1,1,entrevista tv
id000073,FIM5Cosorfo,https://www.youtube.com/watch?v=FIM5Cosorfo,train,2,1,entrevista tv
id000073,bRi2QE4MOPg,https://www.youtube.com/watch?v=bRi2QE4MOPg,train,3,1,entrevista tv
id000073,Q1saCoNw4Mw,https://www.youtube.com/watch?v=Q1saCoNw4Mw,train,4,1,entrevista tv

id000074,ICKByJuTz_I,https://www.youtube.com/watch?v=ICKByJuTz_I,train,1,1,entrevista tv
id000074,W22V5WVdFVo,https://www.youtube.com/watch?v=W22V5WVdFVo,train,2,1,entrevista tv
id000074,8THlQIBcNmQ,https://www.youtube.com/watch?v=8THlQIBcNmQ,train,3,1,entrevista tv
id000074,OsU_YAAW2sk,https://www.youtube.com/watch?v=OsU_YAAW2sk,train,4,1,entrevista tv

id000075,dIpa2NIePVo,https://www.youtube.com/watch?v=dIpa2NIePVo,train,1,1,entrevista tv
id000075,VruWQya_WC4,https://www.youtube.com/watch?v=VruWQya_WC4,train,2,1,entrevista tv
id000075,0hNZuh5-t1w,https://www.youtube.com/watch?v=0hNZuh5-t1w,train,3,1,entrevista tv   
id000075,P4GXRD37zxI,https://www.youtube.com/watch?v=P4GXRD37zxI,train,4,1,entrevista tv

id000076,XvnIQY7WbQo,https://www.youtube.com/watch?v=XvnIQY7WbQo,train,1,1,entrevista tv
id000076,kUMxH5cfqQY,https://www.youtube.com/watch?v=kUMxH5cfqQY,train,2,1,entrevista tv
id000076,o0CTIdfDIQE,https://www.youtube.com/watch?v=o0CTIdfDIQE,train,3,1,entrevista tv   
id000076,MIBSEBHJdd0,https://www.youtube.com/watch?v=MIBSEBHJdd0,train,4,1,entrevista tv
id000076,FRRS02QHaZc,https://www.youtube.com/watch?v=FRRS02QHaZc,train,5,1,entrevista tv

id000077,z2UjqTnu0Gw,https://www.youtube.com/watch?v=z2UjqTnu0Gw,train,1,1,entrevista tv
id000077,_Jk2qmX2Yeo,https://www.youtube.com/watch?v=_Jk2qmX2Yeo,train,2,1,entrevista tv
id000077,8YP8MN1s1B4,https://www.youtube.com/watch?v=8YP8MN1s1B4,train,3,1,entrevista tv   
id000077,9VJ1A1LcqK0,https://www.youtube.com/watch?v=9VJ1A1LcqK0,train,4,1,entrevista tv

id000078,aG83Dp61Udo,https://www.youtube.com/watch?v=aG83Dp61Udo,train,1,1,entrevista tv
id000078,U_sMnoky4vQ,https://www.youtube.com/watch?v=U_sMnoky4vQ,train,2,1,entrevista tv
id000078,m8Hkl_MTn-I,https://www.youtube.com/watch?v=m8Hkl_MTn-I,train,3,1,entrevista tv   
id000078,avVfQUwOAyQ,https://www.youtube.com/watch?v=avVfQUwOAyQ,train,4,1,entrevista tv
id000078,AI47HGQkSAE,https://www.youtube.com/watch?v=AI47HGQkSAE,train,5,1,entrevista tv
id000078,DAgh5R3piyY,https://www.youtube.com/watch?v=DAgh5R3piyY,train,6,1,entrevista tv

id000079,lVqslQtTO_E,https://www.youtube.com/watch?v=lVqslQtTO_E,train,1,1,entrevista tv
id000079,lZdcir-Noe8,https://www.youtube.com/watch?v=lZdcir-Noe8,train,2,1,entrevista tv
id000079,xpkyGl0tl3E,https://www.youtube.com/watch?v=xpkyGl0tl3E,train,3,1,entrevista tv   
id000079,liltQBPDWEE,https://www.youtube.com/watch?v=liltQBPDWEE,train,4,1,entrevista tv

id000080,2b0QuCnHPkU,https://www.youtube.com/watch?v=2b0QuCnHPkU,train,1,1,entrevista tv
id000080,uHaxbC6xYPg,https://www.youtube.com/watch?v=uHaxbC6xYPg,train,2,1,entrevista tv
id000080,CRrx1f2_Iio,https://www.youtube.com/watch?v=CRrx1f2_Iio,train,3,1,entrevista tv   
id000080,YpcW_eh0pFk,https://www.youtube.com/watch?v=YpcW_eh0pFk,train,4,1,entrevista tv
id000080,Kn-Lt3s8wEQ,https://www.youtube.com/watch?v=Kn-Lt3s8wEQ,train,5,1,entrevista tv

id000081,WXoLx1TmLx8,https://www.youtube.com/watch?v=WXoLx1TmLx8,train,1,1,entrevista tv
id000081,Se1KNrkpncs,https://www.youtube.com/watch?v=Se1KNrkpncs,train,2,1,entrevista tv
id000081,MlwlDcfKZNA,https://www.youtube.com/watch?v=MlwlDcfKZNA,train,3,1,entrevista tv
id000081,zr8H7_w1RgU,https://www.youtube.com/watch?v=zr8H7_w1RgU,train,4,1,entrevista tv 

id000082,KZ8x_Te1pvY,https://www.youtube.com/watch?v=KZ8x_Te1pvY,train,1,1,entrevista tv
id000082,OcQK9k9GRzM,https://www.youtube.com/watch?v=OcQK9k9GRzM,train,2,1,entrevista tv
id000082,SCB_UMWFnE4,https://www.youtube.com/watch?v=SCB_UMWFnE4,train,3,1,entrevista tv
id000082,yc91_7LxXNA,https://www.youtube.com/watch?v=mao5fbX9x3w,train,4,1,entrevista tv 

id000083,2WvzSiGS5vc,https://www.youtube.com/watch?v=2WvzSiGS5vc,train,1,1,entrevista tv
id000083,30sT0eJMRIc,https://www.youtube.com/watch?v=30sT0eJMRIc,train,2,1,entrevista tv
id000083,brLhn9VJ4JI,https://www.youtube.com/watch?v=brLhn9VJ4JI,train,3,1,entrevista tv
id000083,EU-HW9NGB3Y,https://www.youtube.com/watch?v=EU-HW9NGB3Y,train,4,1,entrevista tv

id000084,Mf5x-nn2AsM,https://www.youtube.com/watch?v=Mf5x-nn2AsM,train,1,1,entrevista tv
id000084,9cod_ggcFko,https://www.youtube.com/watch?v=9cod_ggcFko,train,2,1,entrevista tv
id000084,x9P7Br3ZmeM,https://www.youtube.com/watch?v=x9P7Br3ZmeM,train,3,1,entrevista tv
id000084,B7c03_LpxcE,https://www.youtube.com/watch?v=B7c03_LpxcE,train,4,1,entrevista tv

id000085,0OPOpo3DssQ,https://www.youtube.com/watch?v=0OPOpo3DssQ,train,1,1,entrevista tv
id000085,RPo1yy2Q7K0,https://www.youtube.com/watch?v=RPo1yy2Q7K0,train,2,1,entrevista tv
id000085,uXd86cItfnc,https://www.youtube.com/watch?v=uXd86cItfnc,train,3,1,entrevista tv   
id000085,D4xixqqqxN8,https://www.youtube.com/watch?v=D4xixqqqxN8,train,4,1,entrevista tv
id000085,zAhcSybK8HI,https://www.youtube.com/watch?v=zAhcSybK8HI,train,5,1,entrevista tv
id000085,gglZNXvdNkM,https://www.youtube.com/watch?v=gglZNXvdNkM,train,5,1,entrevista tv

id000086,GXF-Th5Qbng,https://www.youtube.com/watch?v=GXF-Th5Qbng,train,1,1,entrevista tv
id000086,vE0OkPgEvSk,https://www.youtube.com/watch?v=vE0OkPgEvSk,train,2,1,entrevista tv
id000086,3bfGMmXwXsA,https://www.youtube.com/watch?v=3bfGMmXwXsA,train,3,1,entrevista tv   
id000086,a44ywc7OnKI,https://www.youtube.com/watch?v=a44ywc7OnKI,train,4,1,entrevista tv
id000086,Lrl5xPXkzqI,https://www.youtube.com/watch?v=Lrl5xPXkzqI,train,5,1,entrevista tv

id000087,Z5IJQlGCpFU,https://www.youtube.com/watch?v=Z5IJQlGCpFU,train,1,1,entrevista tv
id000087,F3EHC7deCqA,https://www.youtube.com/watch?v=F3EHC7deCqA,train,2,1,entrevista tv
id000087,BY3wfdXyYIA,https://www.youtube.com/watch?v=BY3wfdXyYIA,train,3,1,entrevista tv   
id000087,0ZQrvgeE8cM,https://www.youtube.com/watch?v=0ZQrvgeE8cM,train,4,1,entrevista tv

id000088,q6yIm2l5h-Q,https://www.youtube.com/watch?v=q6yIm2l5h-Q,train,1,1,entrevista tv
id000088,Q0852s1JalI,https://www.youtube.com/watch?v=Q0852s1JalI,train,2,1,entrevista tv
id000088,S6vvYww_mtY,https://www.youtube.com/watch?v=S6vvYww_mtY,train,3,1,entrevista tv   
id000088,SPt-wkr4ZKE,https://www.youtube.com/watch?v=SPt-wkr4ZKE,train,4,1,entrevista tv

id000089,kfm_a6MnoNY,https://www.youtube.com/watch?v=kfm_a6MnoNY,train,1,1,entrevista tv
id000089,6bCPZYofs8Q,https://www.youtube.com/watch?v=6bCPZYofs8Q,train,2,1,entrevista tv
id000089,mscBwJQxTho,https://www.youtube.com/watch?v=mscBwJQxTho,train,3,1,entrevista tv   
id000089,ril-WBCpxAc,https://www.youtube.com/watch?v=ril-WBCpxAc,train,4,1,entrevista tv

id000090,JYrd_34xV5s,https://www.youtube.com/watch?v=JYrd_34xV5s,train,1,1,entrevista tv
id000090,SZo8Tryb3KE,https://www.youtube.com/watch?v=SZo8Tryb3KE,train,2,1,entrevista tv
id000090,qRGv4ivN2T8,https://www.youtube.com/watch?v=qRGv4ivN2T8,train,3,1,entrevista tv   
id000090,mMdiLtp2Kmw,https://www.youtube.com/watch?v=mMdiLtp2Kmw,train,4,1,entrevista tv

id000091,xXO9vcQGtSA,https://www.youtube.com/watch?v=xXO9vcQGtSA,train,1,1,entrevista tv
id000091,h9e_s34Fbu4,https://www.youtube.com/watch?v=h9e_s34Fbu4,train,2,1,entrevista tv
id000091,xIlSpRBthjQ,https://www.youtube.com/watch?v=xIlSpRBthjQ,train,3,1,entrevista tv
id000091,FjK-gsJq4J0,https://www.youtube.com/watch?v=FjK-gsJq4J0,train,4,1,entrevista tv 
id000091,YDWzzK9ZmLo,https://www.youtube.com/watch?v=YDWzzK9ZmLo,train,5,1,entrevista tv

id000092,xPHRBySnG_0,https://www.youtube.com/watch?v=xPHRBySnG_0,train,1,1,entrevista tv
id000092,NmAd8j5OBGQ,https://www.youtube.com/watch?v=NmAd8j5OBGQ,train,2,1,entrevista tv
id000092,GoG1zHH6JFc,https://www.youtube.com/watch?v=GoG1zHH6JFc,train,3,1,entrevista tv
id000092,6Y-hA-ApGqg,https://www.youtube.com/watch?v=6Y-hA-ApGqg,train,4,1,entrevista tv 

id000093,E7ycivRtIUk,https://www.youtube.com/watch?v=E7ycivRtIUk,train,1,1,entrevista tv
id000093,Wli4pntRIzA,https://www.youtube.com/watch?v=Wli4pntRIzA,train,2,1,entrevista tv
id000093,HLRKAHwduJc,https://www.youtube.com/watch?v=HLRKAHwduJc,train,3,1,entrevista tv
id000093,_DnA1ts1Zd4,https://www.youtube.com/watch?v=_DnA1ts1Zd4,train,4,1,entrevista tv

id000094,X6Un29Sbrxw,https://www.youtube.com/watch?v=X6Un29Sbrxw,train,1,1,entrevista tv
id000094,ujhgoVjQCyk,https://www.youtube.com/watch?v=ujhgoVjQCyk,train,2,1,entrevista tv
id000094,EDCgGDvu0q4,https://www.youtube.com/watch?v=EDCgGDvu0q4,train,3,1,entrevista tv
id000094,iyKfAyX-LN0,https://www.youtube.com/watch?v=iyKfAyX-LN0,train,4,1,entrevista tv

id000095,4SkA8OrI5IQ,https://www.youtube.com/watch?v=4SkA8OrI5IQ,train,1,1,entrevista tv
id000095,LyDVi8B94zA,https://www.youtube.com/watch?v=LyDVi8B94zA,train,2,1,entrevista tv
id000095,MlC3VoFq6RE,https://www.youtube.com/watch?v=MlC3VoFq6RE,train,3,1,entrevista tv   
id000095,M7ov6GzLbec,https://www.youtube.com/watch?v=M7ov6GzLbec,train,4,1,entrevista tv
id000095,OJrQyuYmdK8,https://www.youtube.com/watch?v=OJrQyuYmdK8,train,5,1,entrevista tv

id000096,wOqtsGBVwCw,https://www.youtube.com/watch?v=wOqtsGBVwCw,train,1,1,entrevista tv
id000096,P1g85-NZM10,https://www.youtube.com/watch?v=P1g85-NZM10,train,2,1,entrevista tv
id000096,LHjdd0Shh9Y,https://www.youtube.com/watch?v=LHjdd0Shh9Y,train,3,1,entrevista tv   
id000096,_OaxKcIurhI,https://www.youtube.com/watch?v=_OaxKcIurhI,train,4,1,entrevista tv

id000097,2-zmbJy1b7Q,https://www.youtube.com/watch?v=2-zmbJy1b7Q,train,1,1,entrevista tv
id000097,ZC1i2lyb_L4,https://www.youtube.com/watch?v=ZC1i2lyb_L4,train,2,1,entrevista tv
id000097,jdlsuUtLjaE,https://www.youtube.com/watch?v=jdlsuUtLjaE,train,3,1,entrevista tv   
id000097,rjJHS7q7hCQ,https://www.youtube.com/watch?v=rjJHS7q7hCQ,train,4,1,entrevista tv

id000098,xsXUoM6r_68,https://www.youtube.com/watch?v=xsXUoM6r_68,train,1,1,entrevista tv
id000098,Kw1C0hHy2sw,https://www.youtube.com/watch?v=Kw1C0hHy2sw,train,2,1,entrevista tv
id000098,W8XfR9GBJkA,https://www.youtube.com/watch?v=W8XfR9GBJkA,train,3,1,entrevista tv   
id000098,vuATnydcX1I,https://www.youtube.com/watch?v=vuATnydcX1I,train,4,1,entrevista tv

id000099,Lnhol0EvsnA,https://www.youtube.com/watch?v=Lnhol0EvsnA,train,1,1,entrevista tv
id000099,RamuXoxxd7k,https://www.youtube.com/watch?v=RamuXoxxd7k,train,2,1,entrevista tv
id000099,p8wGY7cwD80,https://www.youtube.com/watch?v=p8wGY7cwD80,train,3,1,entrevista tv   
id000099,MiDKOKI7Mek,https://www.youtube.com/watch?v=MiDKOKI7Mek,train,4,1,entrevista tv
id000099,0zeGOpYVQQw,https://www.youtube.com/watch?v=0zeGOpYVQQw,train,5,1,entrevista tv

id000100,EGQG0LYbybU,https://www.youtube.com/watch?v=EGQG0LYbybU,train,1,1,entrevista tv
id000100,-RLqWt5sT6k,https://www.youtube.com/watch?v=-RLqWt5sT6k,train,2,1,entrevista tv
id000100,iPe8nXNWGRY,https://www.youtube.com/watch?v=iPe8nXNWGRY,train,3,1,entrevista tv   
id000100,F9uQryaqc68,https://www.youtube.com/watch?v=F9uQryaqc68,train,4,1,entrevista tv

id000101,OffsCapohSw,https://www.youtube.com/watch?v=OffsCapohSw,train,1,1,entrevista tv
id000101,MkMxQXP2fBg,https://www.youtube.com/watch?v=MkMxQXP2fBg,train,2,1,entrevista tv
id000101,SnyY_vn-lDg,https://www.youtube.com/watch?v=SnyY_vn-lDg,train,3,1,entrevista tv   
id000101,lLVAWJamUBU,https://www.youtube.com/watch?v=lLVAWJamUBU,train,4,1,entrevista tv

id000102,zaiAv6H7meA,https://www.youtube.com/watch?v=zaiAv6H7meA,train,1,1,entrevista tv
id000102,uOXnH4QHpMU,https://www.youtube.com/watch?v=uOXnH4QHpMU,train,2,1,entrevista tv
id000102,XTV66CMf73w,https://www.youtube.com/watch?v=XTV66CMf73w,train,3,1,entrevista tv   
id000102,hoTbZWOlYdc,https://www.youtube.com/watch?v=hoTbZWOlYdc,train,4,1,entrevista tv

id000103,sEhfNesj7ao,https://www.youtube.com/watch?v=sEhfNesj7ao,train,1,1,entrevista tv
id000103,RS9UZLJul8Q,https://www.youtube.com/watch?v=RS9UZLJul8Q,train,2,1,entrevista tv
id000103,I7PYBzsSQic,https://www.youtube.com/watch?v=I7PYBzsSQic,train,3,1,entrevista tv   
id000103,LJwwJdUVcSA,https://www.youtube.com/watch?v=LJwwJdUVcSA,train,4,1,entrevista tv

id000104,At4rbwOUyfE,https://www.youtube.com/watch?v=At4rbwOUyfE,train,1,1,entrevista tv
id000104,B3DdVghkaf4,https://www.youtube.com/watch?v=B3DdVghkaf4,train,2,1,entrevista tv
id000104,I4wO5-Trntc,https://www.youtube.com/watch?v=I4wO5-Trntc,train,3,1,entrevista tv   
id000104,m6CWm-WHq4E,https://www.youtube.com/watch?v=m6CWm-WHq4E,train,4,1,entrevista tv
id000104,fu1a1tf6_4A,https://www.youtube.com/watch?v=fu1a1tf6_4A,train,5,1,entrevista tv
id000104,05JN2WXNqQ8,https://www.youtube.com/watch?v=05JN2WXNqQ8,train,6,1,entrevista tv

id000105,08i0Xkz1uY4,https://www.youtube.com/watch?v=08i0Xkz1uY4,train,1,1,entrevista tv
id000105,Wf9E52ZcfcU,https://www.youtube.com/watch?v=Wf9E52ZcfcU,train,2,1,entrevista tv
id000105,DMXBiyM9a6E,https://www.youtube.com/watch?v=DMXBiyM9a6E,train,3,1,entrevista tv   
id000105,MLstFPWAd48,https://www.youtube.com/watch?v=MLstFPWAd48,train,4,1,entrevista tv

id000106,P1hlYlfrK7A,https://www.youtube.com/watch?v=P1hlYlfrK7A,train,1,1,entrevista tv
id000106,MwiQNJ5jiCA,https://www.youtube.com/watch?v=MwiQNJ5jiCA,train,2,1,entrevista tv
id000106,cSXzqUGfQKE,https://www.youtube.com/watch?v=cSXzqUGfQKE,train,3,1,entrevista tv   
id000106,dcmzE00h_bs,https://www.youtube.com/watch?v=dcmzE00h_bs,train,4,1,entrevista tv

id000107,WBFQEKMt6wQ,https://www.youtube.com/watch?v=WBFQEKMt6wQ,train,1,1,entrevista tv
id000107,scCP2bJMMmQ,https://www.youtube.com/watch?v=scCP2bJMMmQ,train,2,1,entrevista tv
id000107,ISs3DCcBImU,https://www.youtube.com/watch?v=ISs3DCcBImU,train,3,1,entrevista tv   
id000107,eJ-5ZW7HeIQ,https://www.youtube.com/watch?v=eJ-5ZW7HeIQ,train,4,1,entrevista tv

id000108,hNXXFh3LwZQ,https://www.youtube.com/watch?v=hNXXFh3LwZQ,train,1,1,entrevista tv
id000108,pGaFX_OQQJg,https://www.youtube.com/watch?v=pGaFX_OQQJg,train,2,1,entrevista tv
id000108,A-CVgvTJ3FY,https://www.youtube.com/watch?v=A-CVgvTJ3FY,train,3,1,entrevista tv   
id000108,RVNNJFUNniY,https://www.youtube.com/watch?v=RVNNJFUNniY,train,4,1,entrevista tv

id000109,rShBQ6pCHMc,https://www.youtube.com/watch?v=rShBQ6pCHMc,train,1,1,entrevista tv
id000109,cQ7mel15sQg,https://www.youtube.com/watch?v=cQ7mel15sQg,train,2,1,entrevista tv
id000109,7h_gF8n7ZCk,https://www.youtube.com/watch?v=7h_gF8n7ZCk,train,3,1,entrevista tv   
id000109,v_zB5BCz4FQ,https://www.youtube.com/watch?v=v_zB5BCz4FQ,train,4,1,entrevista tv

id000110,8GOEdWOaX28,https://www.youtube.com/watch?v=8GOEdWOaX28,train,1,1,entrevista tv
id000110,b02-9zxYA_g,https://www.youtube.com/watch?v=b02-9zxYA_g,train,2,1,entrevista tv
id000110,DjkR0Ri0nc0,https://www.youtube.com/watch?v=DjkR0Ri0nc0,train,3,1,entrevista tv   
id000110,I5ZCAuOdO0w,https://www.youtube.com/watch?v=I5ZCAuOdO0w,train,4,1,entrevista tv

id000111,7qSQ9J5YpBA,https://www.youtube.com/watch?v=7qSQ9J5YpBA,train,1,1,entrevista tv
id000111,f3ZneN6h9LQ,https://www.youtube.com/watch?v=f3ZneN6h9LQ,train,2,1,entrevista tv
id000111,ftTsXUgZ1BU,https://www.youtube.com/watch?v=ftTsXUgZ1BU,train,3,1,entrevista tv   
id000111,khP66TGTJ5s,https://www.youtube.com/watch?v=khP66TGTJ5s,train,4,1,entrevista tv

id000112,o5gWhZ03ONE,https://www.youtube.com/watch?v=o5gWhZ03ONE,train,1,1,entrevista tv
id000112,5mJ7333moCY,https://www.youtube.com/watch?v=5mJ7333moCY,train,2,1,entrevista tv
id000112,JsV0l84V9L8,https://www.youtube.com/watch?v=JsV0l84V9L8,train,3,1,entrevista tv   
id000112,N5lX7oQSI3w,https://www.youtube.com/watch?v=N5lX7oQSI3w,train,4,1,entrevista tv

id000113,Ph0i9bS2YVI,https://www.youtube.com/watch?v=Ph0i9bS2YVI,train,1,1,entrevista tv
id000113,ryZm4mwaLNI,https://www.youtube.com/watch?v=ryZm4mwaLNI,train,2,1,entrevista tv
id000113,E5YVOxadI1M,https://www.youtube.com/watch?v=E5YVOxadI1M,train,3,1,entrevista tv   
id000113,yt43oWotS04,https://www.youtube.com/watch?v=yt43oWotS04,train,4,1,entrevista tv

id000114,CRFVSV9sGs8,https://www.youtube.com/watch?v=CRFVSV9sGs8,train,1,1,entrevista tv
id000114,EPJDXUONcdE,https://www.youtube.com/watch?v=EPJDXUONcdE,train,2,1,entrevista tv
id000114,XOhWWJ94V08,https://www.youtube.com/watch?v=XOhWWJ94V08,train,3,1,entrevista tv   
id000114,sFV7cm1Et-M,https://www.youtube.com/watch?v=sFV7cm1Et-M,train,4,1,entrevista tv
id000114,GJP6RW0CWE8,https://www.youtube.com/watch?v=GJP6RW0CWE8,train,5,1,entrevista tv
id000114,OhsM3CbBg5o,https://www.youtube.com/watch?v=OhsM3CbBg5o,train,6,1,entrevista tv

id000115,Zcla7bpXQfY,https://www.youtube.com/watch?v=Zcla7bpXQfY,train,1,1,entrevista tv
id000115,JcCkTzQmWrc,https://www.youtube.com/watch?v=JcCkTzQmWrc,train,2,1,entrevista tv
id000115,tVrx1xNcPiA,https://www.youtube.com/watch?v=tVrx1xNcPiA,train,3,1,entrevista tv   
id000115,U91szsTQtpA,https://www.youtube.com/watch?v=U91szsTQtpA,train,4,1,entrevista tv

id000116,pBVFJXyVHsg,https://www.youtube.com/watch?v=pBVFJXyVHsg,train,1,1,entrevista tv
id000116,_1qcDtz7l5s,https://www.youtube.com/watch?v=_1qcDtz7l5s,train,2,1,entrevista tv
id000116,bm9W5KcgxLw,https://www.youtube.com/watch?v=bm9W5KcgxLw,train,3,1,entrevista tv   
id000116,lnFNlAx6GHk,https://www.youtube.com/watch?v=lnFNlAx6GHk,train,4,1,entrevista tv

id000117,Oy59MOpUG9o,https://www.youtube.com/watch?v=Oy59MOpUG9o,train,1,1,entrevista tv
id000117,Bkhfqi3xi6s,https://www.youtube.com/watch?v=Bkhfqi3xi6s,train,2,1,entrevista tv
id000117,yM-S86RErPo,https://www.youtube.com/watch?v=yM-S86RErPo,train,3,1,entrevista tv   
id000117,vF0yW8MjDQ8,https://www.youtube.com/watch?v=vF0yW8MjDQ8,train,4,1,entrevista tv

id000118,q4ar2hMZTME,https://www.youtube.com/watch?v=q4ar2hMZTME,train,1,1,entrevista tv
id000118,k9Os-GeiAjA,https://www.youtube.com/watch?v=k9Os-GeiAjA,train,2,1,entrevista tv
id000118,9cJ8GAzwVPU,https://www.youtube.com/watch?v=9cJ8GAzwVPU,train,3,1,entrevista tv   
id000118,IVcMODK_AAU,https://www.youtube.com/watch?v=IVcMODK_AAU,train,4,1,entrevista tv

id000119,W6axErfCbws,https://www.youtube.com/watch?v=W6axErfCbws,train,1,1,entrevista tv
id000119,BfKHYkT5j2o,https://www.youtube.com/watch?v=BfKHYkT5j2o,train,2,1,entrevista tv
id000119,vnxtfY5qMeo,https://www.youtube.com/watch?v=vnxtfY5qMeo,train,3,1,entrevista tv   
id000119,EQbSs0q5zOo,https://www.youtube.com/watch?v=EQbSs0q5zOo,train,4,1,entrevista tv

id000120,c5JLh2XnYDQ,https://www.youtube.com/watch?v=c5JLh2XnYDQ,train,1,1,entrevista tv
id000120,tmUkoIIChRc,https://www.youtube.com/watch?v=tmUkoIIChRc,train,2,1,entrevista tv
id000120,nhViZ6CLs1w,https://www.youtube.com/watch?v=nhViZ6CLs1w,train,3,1,entrevista tv   
id000120,J7g6n48j23E,https://www.youtube.com/watch?v=J7g6n48j23E,train,4,1,entrevista tv

id000121,XJNq8JexJmo,https://www.youtube.com/watch?v=XJNq8JexJmo,train,1,1,entrevista tv
id000121,9b1TARJRxTU,https://www.youtube.com/watch?v=9b1TARJRxTU,train,2,1,entrevista tv
id000121,uluD5OJ6Ioo,https://www.youtube.com/watch?v=uluD5OJ6Ioo,train,3,1,entrevista tv   
id000121,639sr8EI3Ns,https://www.youtube.com/watch?v=639sr8EI3Ns,train,4,1,entrevista tv

id000122,w5wXbOAB5Kg,https://www.youtube.com/watch?v=w5wXbOAB5Kg,train,1,1,entrevista tv
id000122,tizoy1suj9Y,https://www.youtube.com/watch?v=tizoy1suj9Y,train,2,1,entrevista tv
id000122,pJsLh0GaFhI,https://www.youtube.com/watch?v=pJsLh0GaFhI,train,3,1,entrevista tv   
id000122,MzIazM7nfqg,https://www.youtube.com/watch?v=MzIazM7nfqg,train,4,1,entrevista tv

id000123,SYDk63vv3Go,https://www.youtube.com/watch?v=SYDk63vv3Go,train,1,1,entrevista tv
id000123,LfAv4vrrjvg,https://www.youtube.com/watch?v=LfAv4vrrjvg,train,2,1,entrevista tv
id000123,Rg5E2ae5Us0,https://www.youtube.com/watch?v=Rg5E2ae5Us0,train,3,1,entrevista tv   
id000123,2yUcDaYLvBA,https://www.youtube.com/watch?v=2yUcDaYLvBA,train,4,1,entrevista tv

id000124,jlDdvaacAdM,https://www.youtube.com/watch?v=jlDdvaacAdM,train,1,1,entrevista tv
id000124,M9atyxA2REY,https://www.youtube.com/watch?v=M9atyxA2REY,train,2,1,entrevista tv
id000124,SS1VS2ZOyLk,https://www.youtube.com/watch?v=SS1VS2ZOyLk,train,3,1,entrevista tv   
id000124,Zx8rlclVgkM,https://www.youtube.com/watch?v=Zx8rlclVgkM,train,4,1,entrevista tv

id000125,dldQfqqE0bo,https://www.youtube.com/watch?v=dldQfqqE0bo,train,1,1,entrevista tv
id000125,43bJ1av4b_o,https://www.youtube.com/watch?v=43bJ1av4b_o,train,2,1,entrevista tv
id000125,e9DOSfbymAM,https://www.youtube.com/watch?v=e9DOSfbymAM,train,3,1,entrevista tv   
id000125,tsP7fnSmsbc,https://www.youtube.com/watch?v=tsP7fnSmsbc,train,4,1,entrevista tv
id000125,TrJ9QD9pJno,https://www.youtube.com/watch?v=TrJ9QD9pJno,train,5,1,entrevista tv
id000125,abhGObBO_Dw,https://www.youtube.com/watch?v=abhGObBO_Dw,train,6,1,entrevista tv

id000126,e9jNcJZP3yE,https://www.youtube.com/watch?v=e9jNcJZP3yE,train,1,1,entrevista tv
id000126,jcICgnFYmEQ,https://www.youtube.com/watch?v=jcICgnFYmEQ,train,2,1,entrevista tv
id000126,hHFGARJHQCw,https://www.youtube.com/watch?v=hHFGARJHQCw,train,3,1,entrevista tv   
id000126,JSN89It0PtA,https://www.youtube.com/watch?v=JSN89It0PtA,train,4,1,entrevista tv

id000127,Ne6LfAPP-ow,https://www.youtube.com/watch?v=Ne6LfAPP-ow,train,1,1,entrevista tv
id000127,CrM9WG1NEsw,https://www.youtube.com/watch?v=CrM9WG1NEsw,train,2,1,entrevista tv
id000127,MTibKDC6OTY,https://www.youtube.com/watch?v=MTibKDC6OTY,train,3,1,entrevista tv   
id000127,U8xzshpnxPk,https://www.youtube.com/watch?v=U8xzshpnxPk,train,4,1,entrevista tv

id000128,4JUMCS0bnQA,https://www.youtube.com/watch?v=4JUMCS0bnQA,train,1,1,entrevista tv
id000128,B6DH6wAaYyU,https://www.youtube.com/watch?v=B6DH6wAaYyU,train,2,1,entrevista tv
id000128,FcgO8RuuS6Q,https://www.youtube.com/watch?v=FcgO8RuuS6Q,train,3,1,entrevista tv   
id000128,fG2z6FtMb14,https://www.youtube.com/watch?v=fG2z6FtMb14,train,4,1,entrevista tv

id000129,JRg6AQk1pXU,https://www.youtube.com/watch?v=JRg6AQk1pXU,train,1,1,entrevista tv
id000129,fS9VbcXzX58,https://www.youtube.com/watch?v=fS9VbcXzX58,train,2,1,entrevista tv
id000129,bvc3hIbdXXY,https://www.youtube.com/watch?v=bvc3hIbdXXY,train,3,1,entrevista tv   
id000129,V6cj2yNvj7s,https://www.youtube.com/watch?v=V6cj2yNvj7s,train,4,1,entrevista tv

id000130,nY9pYrZL70E,https://www.youtube.com/watch?v=nY9pYrZL70E,train,1,1,entrevista tv
id000130,YkBdv--JppM,https://www.youtube.com/watch?v=YkBdv--JppM,train,2,1,entrevista tv
id000130,qXgABYc48Bg,https://www.youtube.com/watch?v=qXgABYc48Bg,train,3,1,entrevista tv   
id000130,nnuLur6PDo4,https://www.youtube.com/watch?v=nnuLur6PDo4,train,4,1,entrevista tv

id000131,Hj7QQ0QROQY,https://www.youtube.com/watch?v=Hj7QQ0QROQY,train,1,1,entrevista tv
id000131,pXrBclABvA8,https://www.youtube.com/watch?v=pXrBclABvA8,train,2,1,entrevista tv
id000131,orfShtShvTY,https://www.youtube.com/watch?v=orfShtShvTY,train,3,1,entrevista tv   
id000131,32WOTsbsD24,https://www.youtube.com/watch?v=32WOTsbsD24,train,4,1,entrevista tv

id000132,ge1rHUrFoG8,https://www.youtube.com/watch?v=ge1rHUrFoG8,train,1,1,entrevista tv
id000132,w3Vqz4ZHtWs,https://www.youtube.com/watch?v=w3Vqz4ZHtWs,train,2,1,entrevista tv
id000132,xXsR6-DeorA,https://www.youtube.com/watch?v=xXsR6-DeorA,train,3,1,entrevista tv   
id000132,dcWeQ1niQWQ,https://www.youtube.com/watch?v=dcWeQ1niQWQ,train,4,1,entrevista tv

id000133,1ak_6s_9hOE,https://www.youtube.com/watch?v=1ak_6s_9hOE,train,1,1,entrevista tv
id000133,_nifE4unv6U,https://www.youtube.com/watch?v=_nifE4unv6U,train,2,1,entrevista tv
id000133,id8MIsvKLn4,https://www.youtube.com/watch?v=id8MIsvKLn4,train,3,1,entrevista tv   
id000133,sFV7cm1Et-M,https://www.youtube.com/watch?v=sFV7cm1Et-M,train,4,1,entrevista tv
id000133,ZiZhys2AvYA,https://www.youtube.com/watch?v=ZiZhys2AvYA,train,5,1,entrevista tv

id000134,BtxFj2sEMOg,https://www.youtube.com/watch?v=BtxFj2sEMOg,train,1,1,entrevista tv
id000134,wmMJ0WG73aQ,https://www.youtube.com/watch?v=wmMJ0WG73aQ,train,2,1,entrevista tv
id000134,lK_JtWySR9w,https://www.youtube.com/watch?v=lK_JtWySR9w,train,3,1,entrevista tv   
id000134,Rr4--ZrZzag,https://www.youtube.com/watch?v=Rr4--ZrZzag,train,4,1,entrevista tv

id000135,kgaktiWGjlE,https://www.youtube.com/watch?v=kgaktiWGjlE,train,1,1,entrevista tv
id000135,S9vYrOS-3O4,https://www.youtube.com/watch?v=S9vYrOS-3O4,train,2,1,entrevista tv
id000135,sNGZ9R6Q6h0,https://www.youtube.com/watch?v=sNGZ9R6Q6h0,train,3,1,entrevista tv   
id000135,9ugySeIHxnc,https://www.youtube.com/watch?v=9ugySeIHxnc,train,4,1,entrevista tv

id000136,GZPPqcNpK4s,https://www.youtube.com/watch?v=GZPPqcNpK4s,train,1,1,entrevista tv
id000136,g7HK9-hM5Wg,https://www.youtube.com/watch?v=g7HK9-hM5Wg,train,2,1,entrevista tv
id000136,rZ6it7eAdsw,https://www.youtube.com/watch?v=rZ6it7eAdsw,train,3,1,entrevista tv   
id000136,GOT_a14o_mg,https://www.youtube.com/watch?v=GOT_a14o_mg,train,4,1,entrevista tv

id000137,dmBkyTvZ928,https://www.youtube.com/watch?v=dmBkyTvZ928,train,1,1,entrevista tv
id000137,vgYZnNV8xOs,https://www.youtube.com/watch?v=vgYZnNV8xOs,train,2,1,entrevista tv
id000137,_54dT20ptco,https://www.youtube.com/watch?v=_54dT20ptco,train,3,1,entrevista tv   
id000137,xNrDPlhCrrc,https://www.youtube.com/watch?v=xNrDPlhCrrc,train,4,1,entrevista tv

id000138,HtOcV5SP9YI,https://www.youtube.com/watch?v=HtOcV5SP9YI,train,1,1,entrevista tv
id000138,ZGlY5Qw_gDM,https://www.youtube.com/watch?v=ZGlY5Qw_gDM,train,2,1,entrevista tv
id000138,TMvOMtUI3SM,https://www.youtube.com/watch?v=TMvOMtUI3SM,train,3,1,entrevista tv   
id000138,SU1DoHA9f1c,https://www.youtube.com/watch?v=SU1DoHA9f1c,train,4,1,entrevista tv

id000139,ctcdC8HCftY,https://www.youtube.com/watch?v=ctcdC8HCftY,train,1,1,entrevista tv
id000139,D8pwYlftqsc,https://www.youtube.com/watch?v=D8pwYlftqsc,train,2,1,entrevista tv
id000139,MMgWZxCCUeE,https://www.youtube.com/watch?v=MMgWZxCCUeE,train,3,1,entrevista tv   
id000139,rmousJ8In2E,https://www.youtube.com/watch?v=rmousJ8In2E,train,4,1,entrevista tv

id000140,ED-x7BoDHns,https://www.youtube.com/watch?v=ED-x7BoDHns,train,1,1,entrevista tv
id000140,iY2JF3UYh14,https://www.youtube.com/watch?v=iY2JF3UYh14,train,2,1,entrevista tv
id000140,EyqoGYfNfII,https://www.youtube.com/watch?v=EyqoGYfNfII,train,3,1,entrevista tv   
id000140,-hdlk3k5b28,https://www.youtube.com/watch?v=-hdlk3k5b28,train,4,1,entrevista tv

id000141,CiwkdzolKNc,https://www.youtube.com/watch?v=CiwkdzolKNc,train,1,1,entrevista tv
id000141,cSG2IPm_lIk,https://www.youtube.com/watch?v=cSG2IPm_lIk,train,2,1,entrevista tv
id000141,BxBt6LYUO20,https://www.youtube.com/watch?v=BxBt6LYUO20,train,3,1,entrevista tv   
id000141,Dpj0oTGBQDQ,https://www.youtube.com/watch?v=Dpj0oTGBQDQ,train,4,1,entrevista tv

id000142,lAHx98bYgas,https://www.youtube.com/watch?v=lAHx98bYgas,train,1,1,entrevista tv
id000142,rTqUw5tvCao,https://www.youtube.com/watch?v=rTqUw5tvCao,train,2,1,entrevista tv
id000142,FuXCsID0-9s,https://www.youtube.com/watch?v=FuXCsID0-9s,train,3,1,entrevista tv   
id000142,ocJBS3lO2w0,https://www.youtube.com/watch?v=ocJBS3lO2w0,train,4,1,entrevista tv

id000143,_A0QFge7TlI,https://www.youtube.com/watch?v=_A0QFge7TlI,train,1,1,entrevista tv
id000143,qO9Hfwf3jSA,https://www.youtube.com/watch?v=qO9Hfwf3jSA,train,2,1,entrevista tv
id000143,3fbZyIBavrE,https://www.youtube.com/watch?v=3fbZyIBavrE,train,3,1,entrevista tv   
id000143,CDQbTGveQGE,https://www.youtube.com/watch?v=CDQbTGveQGE,train,4,1,entrevista tv

id000144,3GeyyQtIc-o,https://www.youtube.com/watch?v=3GeyyQtIc-o,train,1,1,entrevista tv
id000144,RWhUSBEVtOw,https://www.youtube.com/watch?v=RWhUSBEVtOw,train,2,1,entrevista tv
id000144,M7aoarf_rpI,https://www.youtube.com/watch?v=M7aoarf_rpI,train,3,1,entrevista tv   
id000144,0PBLwAtlfxM,https://www.youtube.com/watch?v=0PBLwAtlfxM,train,4,1,entrevista tv

id000145,X1mZuHNi_a4,https://www.youtube.com/watch?v=X1mZuHNi_a4,train,1,1,entrevista tv
id000145,omUxt6SK9rI,https://www.youtube.com/watch?v=omUxt6SK9rI,train,2,1,entrevista tv
id000145,u-y9ScJ4DJM,https://www.youtube.com/watch?v=u-y9ScJ4DJM,train,3,1,entrevista tv   
id000145,DGbHeprjL3k,https://www.youtube.com/watch?v=DGbHeprjL3k,train,4,1,entrevista tv

id000146,mLLUm6freSA,https://www.youtube.com/watch?v=mLLUm6freSA,train,1,1,entrevista tv
id000146,kRUkSKW594I,https://www.youtube.com/watch?v=kRUkSKW594I,train,2,1,entrevista tv
id000146,6YsiszzJAQs,https://www.youtube.com/watch?v=6YsiszzJAQs,train,3,1,entrevista tv   
id000146,tmhtmNdaWgQ,https://www.youtube.com/watch?v=tmhtmNdaWgQ,train,4,1,entrevista tv

id000147,wuwLDKlNJWw,https://www.youtube.com/watch?v=wuwLDKlNJWw,train,1,1,entrevista tv
id000147,_FenOIJeecY,https://www.youtube.com/watch?v=_FenOIJeecY,train,2,1,entrevista tv
id000147,-l63oUyIZ0M,https://www.youtube.com/watch?v=-l63oUyIZ0M,train,3,1,entrevista tv   
id000147,4mlLXxTVsbM,https://www.youtube.com/watch?v=4mlLXxTVsbM,train,4,1,entrevista tv

id000148,GFuEdeIDaXc,https://www.youtube.com/watch?v=GFuEdeIDaXc,train,1,1,entrevista tv
id000148,ZFxPC8Va1C8,https://www.youtube.com/watch?v=ZFxPC8Va1C8,train,2,1,entrevista tv
id000148,rK8EV2EbKVI,https://www.youtube.com/watch?v=rK8EV2EbKVI,train,3,1,entrevista tv   
id000148,CXdrV9Q5ac4,https://www.youtube.com/watch?v=CXdrV9Q5ac4,train,4,1,entrevista tv

id000149,YovxSiz-5zA,https://www.youtube.com/watch?v=YovxSiz-5zA,train,1,1,entrevista tv
id000149,EZvGGvGbqDU,https://www.youtube.com/watch?v=EZvGGvGbqDU,train,2,1,entrevista tv
id000149,VWW0bKeBlOI,https://www.youtube.com/watch?v=VWW0bKeBlOI,train,3,1,entrevista tv   
id000149,bdY3s_Re2d4,https://www.youtube.com/watch?v=bdY3s_Re2d4,train,4,1,entrevista tv

id000150,ZuhP7mWLOPg,https://www.youtube.com/watch?v=ZuhP7mWLOPg,train,1,1,entrevista tv
id000150,RWGr8LwG3TY,https://www.youtube.com/watch?v=RWGr8LwG3TY,train,2,1,entrevista tv
id000150,Y9yEoOKMAhE,https://www.youtube.com/watch?v=Y9yEoOKMAhE,train,3,1,entrevista tv   
id000150,tKnJv_sQI0A,https://www.youtube.com/watch?v=tKnJv_sQI0A,train,4,1,entrevista tv

id000151,AUsAnhkbl4g,https://www.youtube.com/watch?v=AUsAnhkbl4g,train,1,1,entrevista tv
id000151,MHWHa5U7DIo,https://www.youtube.com/watch?v=MHWHa5U7DIo,train,2,1,entrevista tv
id000151,y9Mc_QH_Jl0,https://www.youtube.com/watch?v=y9Mc_QH_Jl0,train,3,1,entrevista tv   
id000151,bO7zMDjekm0,https://www.youtube.com/watch?v=bO7zMDjekm0,train,4,1,entrevista tv

id000152,x_5HSZqm1Zg,https://www.youtube.com/watch?v=x_5HSZqm1Zg,train,1,1,entrevista tv
id000152,ypccMX-iI2I,https://www.youtube.com/watch?v=ypccMX-iI2I,train,2,1,entrevista tv
id000152,eOmTnOsDCCY,https://www.youtube.com/watch?v=eOmTnOsDCCY,train,3,1,entrevista tv   
id000152,bcAjys36OIA,https://www.youtube.com/watch?v=bcAjys36OIA,train,4,1,entrevista tv
id000152,LbpBOr7whaA,https://www.youtube.com/watch?v=LbpBOr7whaA,train,5,1,entrevista tv
id000152,CxmKcNbzUmo,https://www.youtube.com/watch?v=CxmKcNbzUmo,train,5,1,entrevista tv

id000153,ufBgmAlZsqA,https://www.youtube.com/watch?v=ufBgmAlZsqA,train,1,1,entrevista tv
id000153,zVwJQIiR-2o,https://www.youtube.com/watch?v=zVwJQIiR-2o,train,2,1,entrevista tv
id000153,lFVkGVUthkY,https://www.youtube.com/watch?v=lFVkGVUthkY,train,3,1,entrevista tv   
id000153,ueH9VukP6_0,https://www.youtube.com/watch?v=ueH9VukP6_0,train,4,1,entrevista tv
id000153,qoNBKldmIok,https://www.youtube.com/watch?v=qoNBKldmIok,train,5,1,entrevista tv

id000154,adAfIXIeicw,https://www.youtube.com/watch?v=adAfIXIeicw,train,1,1,entrevista tv
id000154,paWk-UXHxWE,https://www.youtube.com/watch?v=paWk-UXHxWE,train,2,1,entrevista tv
id000154,Aif_EKvt9ro,https://www.youtube.com/watch?v=Aif_EKvt9ro,train,3,1,entrevista tv   
id000154,lSMqPcjDzIE,https://www.youtube.com/watch?v=lSMqPcjDzIE,train,4,1,entrevista tv

id000155,yKvLNN5tFMk,https://www.youtube.com/watch?v=yKvLNN5tFMk,train,1,1,entrevista tv
id000155,j4OsFmHo5OU,https://www.youtube.com/watch?v=j4OsFmHo5OU,train,2,1,entrevista tv
id000155,qAzyAS0d4Pk,https://www.youtube.com/watch?v=qAzyAS0d4Pk,train,3,1,entrevista tv   
id000155,rX3K96HBBOc,https://www.youtube.com/watch?v=rX3K96HBBOc,train,4,1,entrevista tv

id000156,ZDQe4iXjSlg,https://www.youtube.com/watch?v=ZDQe4iXjSlg,train,1,1,entrevista tv
id000156,2nU1rzxCNTQ,https://www.youtube.com/watch?v=2nU1rzxCNTQ,train,2,1,entrevista tv
id000156,sUdTyu-ofk8,https://www.youtube.com/watch?v=sUdTyu-ofk8,train,3,1,entrevista tv   
id000156,D50PTCUevp8,https://www.youtube.com/watch?v=D50PTCUevp8,train,4,1,entrevista tv

id000157,C-41-BhH0P0,https://www.youtube.com/watch?v=C-41-BhH0P0,train,1,1,entrevista tv
id000157,EdKhFUcVKf4,https://www.youtube.com/watch?v=EdKhFUcVKf4,train,2,1,entrevista tv
id000157,hE9gjTq0DFI,https://www.youtube.com/watch?v=hE9gjTq0DFI,train,3,1,entrevista tv   
id000157,RAvrgEteT0U,https://www.youtube.com/watch?v=RAvrgEteT0U,train,4,1,entrevista tv

id000158,CxTGStsCZWs,https://www.youtube.com/watch?v=CxTGStsCZWs,train,1,1,entrevista tv
id000158,IWH5MtYY_IM,https://www.youtube.com/watch?v=IWH5MtYY_IM,train,2,1,entrevista tv
id000158,3hm3CBy8nkM,https://www.youtube.com/watch?v=3hm3CBy8nkM,train,3,1,entrevista tv   
id000158,UKM-Y78XrI4,https://www.youtube.com/watch?v=UKM-Y78XrI4,train,4,1,entrevista tv

id000159,7b401_CUgKM,https://www.youtube.com/watch?v=7b401_CUgKM,train,1,1,entrevista tv
id000159,C5X32pfSALM,https://www.youtube.com/watch?v=C5X32pfSALM,train,2,1,entrevista tv
id000159,daw6QWmQHZ8,https://www.youtube.com/watch?v=daw6QWmQHZ8,train,3,1,entrevista tv   
id000159,c1MWV0vA2vo,https://www.youtube.com/watch?v=c1MWV0vA2vo,train,4,1,entrevista tv
id000159,66EGDc72_EM,https://www.youtube.com/watch?v=66EGDc72_EM,train,5,1,entrevista tv

id000160,jo4HTGEOD4I,https://www.youtube.com/watch?v=jo4HTGEOD4I,train,1,1,entrevista tv
id000160,eBo-ZNvFNPk,https://www.youtube.com/watch?v=eBo-ZNvFNPk,train,2,1,entrevista tv
id000160,MT6L6vnsXLo,https://www.youtube.com/watch?v=MT6L6vnsXLo,train,3,1,entrevista tv   
id000160,G_tCRuAFVVk,https://www.youtube.com/watch?v=G_tCRuAFVVk,train,4,1,entrevista tv

id000161,Soy4OrRMDI4,https://www.youtube.com/watch?v=Soy4OrRMDI4,train,1,1,entrevista tv
id000161,Vy1H2rqQgng,https://www.youtube.com/watch?v=Vy1H2rqQgng,train,2,1,entrevista tv
id000161,a6epdMlM-Hc,https://www.youtube.com/watch?v=a6epdMlM-Hc,train,3,1,entrevista tv   
id000161,4Zk_zLOkcp0,https://www.youtube.com/watch?v=4Zk_zLOkcp0,train,4,1,entrevista tv

id000162,BrOJUKG2FvQ,https://www.youtube.com/watch?v=BrOJUKG2FvQ,train,1,1,entrevista tv
id000162,psOrAT9UlmI,https://www.youtube.com/watch?v=psOrAT9UlmI,train,2,1,entrevista tv
id000162,SvUyM1g7AZ0,https://www.youtube.com/watch?v=SvUyM1g7AZ0,train,3,1,entrevista tv   
id000162,zGertcfT0rY,https://www.youtube.com/watch?v=zGertcfT0rY,train,4,1,entrevista tv

id000163,80F8TsF-2pI,https://www.youtube.com/watch?v=80F8TsF-2pI,train,1,1,entrevista tv
id000163,TP9841mfzAo,https://www.youtube.com/watch?v=TP9841mfzAo,train,2,1,entrevista tv
id000163,jqM-c6Q3bs4,https://www.youtube.com/watch?v=jqM-c6Q3bs4,train,3,1,entrevista tv   
id000163,OxMt7EyekWo,https://www.youtube.com/watch?v=OxMt7EyekWo,train,4,1,entrevista tv
id000163,BpDAAknfOLs,https://www.youtube.com/watch?v=BpDAAknfOLs,train,5,1,entrevista tv

id000164,oCxuz_AXfDE,https://www.youtube.com/watch?v=oCxuz_AXfDE,train,1,1,entrevista tv
id000164,A6YJC-uhFK0,https://www.youtube.com/watch?v=A6YJC-uhFK0,train,2,1,entrevista tv
id000164,kDiU5d51D0M,https://www.youtube.com/watch?v=kDiU5d51D0M,train,3,1,entrevista tv   
id000164,Q6respMhzpw,https://www.youtube.com/watch?v=Q6respMhzpw,train,4,1,entrevista tv

id000165,7kgKBrFRcOU,https://www.youtube.com/watch?v=7kgKBrFRcOU,train,1,1,entrevista tv
id000165,M4ggQUwCe4c,https://www.youtube.com/watch?v=M4ggQUwCe4c,train,2,1,entrevista tv
id000165,BC0mvo57q8g,https://www.youtube.com/watch?v=BC0mvo57q8g,train,3,1,entrevista tv   
id000165,Pol1YFkrHsc,https://www.youtube.com/watch?v=Pol1YFkrHsc,train,4,1,entrevista tv

id000166,yzWH2liYKUY,https://www.youtube.com/watch?v=yzWH2liYKUY,train,1,1,entrevista tv
id000166,FBNr4Scv6IU,https://www.youtube.com/watch?v=FBNr4Scv6IU,train,2,1,entrevista tv
id000166,VHxplbFgsA8,https://www.youtube.com/watch?v=VHxplbFgsA8,train,3,1,entrevista tv   
id000166,5yGwKZfMDrY,https://www.youtube.com/watch?v=5yGwKZfMDrY,train,4,1,entrevista tv
id000166,x4rbgKOxNQg,https://www.youtube.com/watch?v=x4rbgKOxNQg,train,5,1,entrevista tv

id000167,5gsh1t0srUM,https://www.youtube.com/watch?v=5gsh1t0srUM,train,1,1,entrevista tv
id000167,T9gxFmh1064,https://www.youtube.com/watch?v=T9gxFmh1064,train,2,1,entrevista tv
id000167,0H6j4Vqpu-A,https://www.youtube.com/watch?v=0H6j4Vqpu-A,train,3,1,entrevista tv   
id000167,NIOSugQpbQU,https://www.youtube.com/watch?v=NIOSugQpbQU,train,4,1,entrevista tv

id000168,p93q2XY5EIY,https://www.youtube.com/watch?v=p93q2XY5EIY,train,1,1,entrevista tv
id000168,ZdN0UlFG3FE,https://www.youtube.com/watch?v=ZdN0UlFG3FE,train,2,1,entrevista tv
id000168,FrP8pBJ5RfU,https://www.youtube.com/watch?v=FrP8pBJ5RfU,train,3,1,entrevista tv   
id000168,QJ0lqXJU14Y,https://www.youtube.com/watch?v=QJ0lqXJU14Y,train,4,1,entrevista tv

id000169,Leme31BAncA,https://www.youtube.com/watch?v=Leme31BAncA,train,1,1,entrevista tv
id000169,WiG0BY_neCA,https://www.youtube.com/watch?v=WiG0BY_neCA,train,2,1,entrevista tv
id000169,XR7giHPnZeo,https://www.youtube.com/watch?v=XR7giHPnZeo,train,3,1,entrevista tv   
id000169,wO3WjuD_xoc,https://www.youtube.com/watch?v=wO3WjuD_xoc,train,4,1,entrevista tv

id000170,bmU9Ky0Df1s,https://www.youtube.com/watch?v=bmU9Ky0Df1s,train,1,1,entrevista tv
id000170,L-1J57EPMj0,https://www.youtube.com/watch?v=L-1J57EPMj0,train,2,1,entrevista tv
id000170,z_ooPo2DsQw,https://www.youtube.com/watch?v=z_ooPo2DsQw,train,3,1,entrevista tv   
id000170,Tmo6bc4A1ck,https://www.youtube.com/watch?v=Tmo6bc4A1ck,train,4,1,entrevista tv

id000171,RdNIaN-8u2s,https://www.youtube.com/watch?v=RdNIaN-8u2s,train,1,1,entrevista tv
id000171,O-a1uBQr_ow,https://www.youtube.com/watch?v=O-a1uBQr_ow,train,2,1,entrevista tv
id000171,g6YjLSV-rzw,https://www.youtube.com/watch?v=g6YjLSV-rzw,train,3,1,entrevista tv   
id000171,LywVJHh9CPc,https://www.youtube.com/watch?v=LywVJHh9CPc,train,4,1,entrevista tv

id000172,kLF7XxUwIGQ,https://www.youtube.com/watch?v=kLF7XxUwIGQ,train,1,1,entrevista tv
id000172,69JIpQ3Wxl0,https://www.youtube.com/watch?v=69JIpQ3Wxl0,train,2,1,entrevista tv
id000172,_6EktDDFRxE,https://www.youtube.com/watch?v=_6EktDDFRxE,train,3,1,entrevista tv   
id000172,VLwrnxTl_i4,https://www.youtube.com/watch?v=VLwrnxTl_i4,train,4,1,entrevista tv

id000173,W9ffefzIofE,https://www.youtube.com/watch?v=W9ffefzIofE,train,1,1,entrevista tv
id000173,KYYhjp_FL5w,https://www.youtube.com/watch?v=KYYhjp_FL5w,train,2,1,entrevista tv
id000173,BCpAPy8Qba8,https://www.youtube.com/watch?v=BCpAPy8Qba8,train,3,1,entrevista tv   
id000173,QvR5SYfTQjc,https://www.youtube.com/watch?v=QvR5SYfTQjc,train,4,1,entrevista tv

id000174,io7x749fnWs,https://www.youtube.com/watch?v=io7x749fnWs,train,1,1,entrevista tv
id000174,6iiXG0c1SA8,https://www.youtube.com/watch?v=6iiXG0c1SA8,train,2,1,entrevista tv
id000174,NccrCO3Yh_8,https://www.youtube.com/watch?v=NccrCO3Yh_8,train,3,1,entrevista tv   
id000174,pLOrZ9NxYAo,https://www.youtube.com/watch?v=pLOrZ9NxYAo,train,4,1,entrevista tv

id000175,w6Ad9-3aDg4,https://www.youtube.com/watch?v=w6Ad9-3aDg4,train,1,1,entrevista tv
id000175,WVcbVfQVmMk,https://www.youtube.com/watch?v=WVcbVfQVmMk,train,2,1,entrevista tv
id000175,oCZ158c5Els,https://www.youtube.com/watch?v=oCZ158c5Els,train,3,1,entrevista tv   
id000175,GPSJEE9sl_k,https://www.youtube.com/watch?v=GPSJEE9sl_k,train,4,1,entrevista tv

id000176,c9zJMq0cvj4,https://www.youtube.com/watch?v=c9zJMq0cvj4,train,1,1,entrevista tv
id000176,YbMh4B7uxvU,https://www.youtube.com/watch?v=YbMh4B7uxvU,train,2,1,entrevista tv
id000176,L_InQ9tJT7c,https://www.youtube.com/watch?v=L_InQ9tJT7c,train,3,1,entrevista tv   
id000176,B-caeLnrprQ,https://www.youtube.com/watch?v=B-caeLnrprQ,train,4,1,entrevista tv
id000176,wqvujUfJsxo,https://www.youtube.com/watch?v=wqvujUfJsxo,train,5,1,entrevista tv

id000177,rabePq9kDOc,https://www.youtube.com/watch?v=rabePq9kDOc,train,1,1,entrevista tv
id000177,rrKG0INI6cI,https://www.youtube.com/watch?v=rrKG0INI6cI,train,2,1,entrevista tv
id000177,ct6-YQ4ndJY,https://www.youtube.com/watch?v=ct6-YQ4ndJY,train,3,1,entrevista tv   
id000177,5QeCta30Au8,https://www.youtube.com/watch?v=5QeCta30Au8,train,4,1,entrevista tv

id000178,ENvKmC8HE-g,https://www.youtube.com/watch?v=ENvKmC8HE-g,train,1,1,entrevista tv
id000178,qYorfSw_qvs,https://www.youtube.com/watch?v=qYorfSw_qvs,train,2,1,entrevista tv
id000178,xFcQaj5QMM8,https://www.youtube.com/watch?v=xFcQaj5QMM8,train,3,1,entrevista tv   
id000178,GTbqrzNj1DQ,https://www.youtube.com/watch?v=GTbqrzNj1DQ,train,4,1,entrevista tv

id000179,gKBXfp4OvhU,https://www.youtube.com/watch?v=gKBXfp4OvhU,train,1,1,entrevista tv
id000179,Gks1zTzgm30,https://www.youtube.com/watch?v=Gks1zTzgm30,train,2,1,entrevista tv
id000179,1yh85oFcvJg,https://www.youtube.com/watch?v=1yh85oFcvJg,train,3,1,entrevista tv   
id000179,6e6ZHgWJrqA,https://www.youtube.com/watch?v=6e6ZHgWJrqA,train,4,1,entrevista tv

id000180,pPs9DE6tLys,https://www.youtube.com/watch?v=pPs9DE6tLys,train,1,1,entrevista tv
id000180,FQhh8GjbuDw,https://www.youtube.com/watch?v=FQhh8GjbuDw,train,2,1,entrevista tv
id000180,BE1M4fwHxGk,https://www.youtube.com/watch?v=BE1M4fwHxGk,train,3,1,entrevista tv   
id000180,Gjuht-_4bE8,https://www.youtube.com/watch?v=Gjuht-_4bE8,train,4,1,entrevista tv

id000181,iw2jSgVnuPc,https://www.youtube.com/watch?v=iw2jSgVnuPc,train,1,1,entrevista tv
id000181,BSKIt9yxV7s,https://www.youtube.com/watch?v=BSKIt9yxV7s,train,2,1,entrevista tv
id000181,SJbXCW7w5wM,https://www.youtube.com/watch?v=SJbXCW7w5wM,train,3,1,entrevista tv   
id000181,qS6JO_geWoo,https://www.youtube.com/watch?v=qS6JO_geWoo,train,4,1,entrevista tv

id000182,p6ZOyjiju20,https://www.youtube.com/watch?v=p6ZOyjiju20,train,1,1,entrevista tv
id000182,W5OQDO16CJw,https://www.youtube.com/watch?v=W5OQDO16CJw,train,2,1,entrevista tv
id000182,9trzvpxQtcA,https://www.youtube.com/watch?v=9trzvpxQtcA,train,3,1,entrevista tv   
id000182,u-8QtvrEjOo,https://www.youtube.com/watch?v=u-8QtvrEjOo,train,4,1,entrevista tv
id000182,ldCPvR_14no,https://www.youtube.com/watch?v=ldCPvR_14no,train,5,1,entrevista tv   

id000183,Npau4InQ5c4,https://www.youtube.com/watch?v=Npau4InQ5c4,train,1,1,entrevista tv
id000183,f3OM-Yntrso,https://www.youtube.com/watch?v=f3OM-Yntrso,train,2,1,entrevista tv
id000183,Tnl12IujVFA,https://www.youtube.com/watch?v=Tnl12IujVFA,train,3,1,entrevista tv   
id000183,A_z3-wBaIHQ,https://www.youtube.com/watch?v=A_z3-wBaIHQ,train,4,1,entrevista tv

id000184,k_JsMRYEhJ4,https://www.youtube.com/watch?v=k_JsMRYEhJ4,train,1,1,entrevista tv
id000184,G6LQuVTIWKg,https://www.youtube.com/watch?v=G6LQuVTIWKg,train,2,1,entrevista tv
id000184,8O2KBoubG_I,https://www.youtube.com/watch?v=8O2KBoubG_I,train,3,1,entrevista tv   
id000184,YHQ1qLllHF0,https://www.youtube.com/watch?v=YHQ1qLllHF0,train,4,1,entrevista tv

id000185,guzABjRFvJQ,https://www.youtube.com/watch?v=guzABjRFvJQ,train,1,1,entrevista tv
id000185,4YSmGWh064k,https://www.youtube.com/watch?v=4YSmGWh064k,train,2,1,entrevista tv
id000185,laVwhoAzJVk,https://www.youtube.com/watch?v=laVwhoAzJVk,train,3,1,entrevista tv   
id000185,MkuI04aiCMY,https://www.youtube.com/watch?v=MkuI04aiCMY,train,4,1,entrevista tv

id000186,T25OPiLeDW8,https://www.youtube.com/watch?v=T25OPiLeDW8,train,1,1,entrevista tv
id000186,dGkZP6AWdpo,https://www.youtube.com/watch?v=dGkZP6AWdpo,train,2,1,entrevista tv
id000186,XH1rEY3y2yA,https://www.youtube.com/watch?v=XH1rEY3y2yA,train,3,1,entrevista tv   
id000186,OnQFSnLhrO4,https://www.youtube.com/watch?v=OnQFSnLhrO4,train,4,1,entrevista tv
id000186,OJIfl54aTPU,https://www.youtube.com/watch?v=OJIfl54aTPU,train,4,1,entrevista tv

id000187,dmHqyqGEZvc,https://www.youtube.com/watch?v=dmHqyqGEZvc,train,1,1,entrevista tv
id000187,D1XXPwiKNHU,https://www.youtube.com/watch?v=D1XXPwiKNHU,train,2,1,entrevista tv
id000187,h9SJUXxjWc4,https://www.youtube.com/watch?v=h9SJUXxjWc4,train,3,1,entrevista tv   
id000187,VdFnV7m-YOU,https://www.youtube.com/watch?v=VdFnV7m-YOU,train,4,1,entrevista tv

id000188,EVbBnxkGuUs,https://www.youtube.com/watch?v=EVbBnxkGuUs,train,1,1,entrevista tv
id000188,TJ8mnms3R_E,https://www.youtube.com/watch?v=TJ8mnms3R_E,train,2,1,entrevista tv
id000188,JFWcGfI8Ais,https://www.youtube.com/watch?v=JFWcGfI8Ais,train,3,1,entrevista tv   
id000188,dXWbxFhVa6s,https://www.youtube.com/watch?v=dXWbxFhVa6s,train,4,1,entrevista tv

id000189,PYSQKkTnGLw,https://www.youtube.com/watch?v=PYSQKkTnGLw,train,1,1,entrevista tv
id000189,PNDtbcBQy5g,https://www.youtube.com/watch?v=PNDtbcBQy5g,train,2,1,entrevista tv
id000189,GLSGpoUUuQM,https://www.youtube.com/watch?v=GLSGpoUUuQM,train,3,1,entrevista tv   
id000189,D0PCilWCf_w,https://www.youtube.com/watch?v=D0PCilWCf_w,train,4,1,entrevista tv

id000190,CQtRdCkmP3w,https://www.youtube.com/watch?v=CQtRdCkmP3w,train,1,1,entrevista tv
id000190,NoBd1OerJ90,https://www.youtube.com/watch?v=NoBd1OerJ90,train,2,1,entrevista tv
id000190,OZNJEvVBE8c,https://www.youtube.com/watch?v=OZNJEvVBE8c,train,3,1,entrevista tv   
id000190,EmZvhSrKj24,https://www.youtube.com/watch?v=EmZvhSrKj24,train,4,1,entrevista tv

id000191,POyQVSyrLsU,https://www.youtube.com/watch?v=POyQVSyrLsU,train,1,1,entrevista tv
id000191,HmsiP9w3gQQ,https://www.youtube.com/watch?v=HmsiP9w3gQQ,train,2,1,entrevista tv
id000191,-o23stlldnQ,https://www.youtube.com/watch?v=-o23stlldnQ,train,3,1,entrevista tv   
id000191,0ZtuzEwaQZg,https://www.youtube.com/watch?v=0ZtuzEwaQZg,train,4,1,entrevista tv

id000192,5vpZ14mJD9g,https://www.youtube.com/watch?v=5vpZ14mJD9g,train,1,1,entrevista tv
id000192,cfFZjqRNmqY,https://www.youtube.com/watch?v=cfFZjqRNmqY,train,2,1,entrevista tv
id000192,tzaTkFiG0ww,https://www.youtube.com/watch?v=tzaTkFiG0ww,train,3,1,entrevista tv   
id000192,iMbfJqpk-II,https://www.youtube.com/watch?v=iMbfJqpk-II,train,4,1,entrevista tv

id000193,Ey1unp-Kxww,https://www.youtube.com/watch?v=Ey1unp-Kxww,train,1,1,entrevista tv
id000193,lfQlxbYFBJ8,https://www.youtube.com/watch?v=lfQlxbYFBJ8,train,2,1,entrevista tv
id000193,Zx7GY0i_7XQ,https://www.youtube.com/watch?v=Zx7GY0i_7XQ,train,3,1,entrevista tv   
id000193,F7oo9FTrwek,https://www.youtube.com/watch?v=F7oo9FTrwek,train,4,1,entrevista tv
id000193,7Gg7v-PutDc,https://www.youtube.com/watch?v=7Gg7v-PutDc,train,5,1,entrevista tv
id000193,CxMpYxsmaFU,https://www.youtube.com/watch?v=CxMpYxsmaFU,train,6,1,entrevista tv

id000194,eCzvKFB_gvc,https://www.youtube.com/watch?v=eCzvKFB_gvc,train,1,1,entrevista tv
id000194,Yw_VlzWDJn8,https://www.youtube.com/watch?v=Yw_VlzWDJn8,train,2,1,entrevista tv
id000194,msxMhh9Y6TQ,https://www.youtube.com/watch?v=msxMhh9Y6TQ,train,3,1,entrevista tv   
id000194,kajTFOjktZg,https://www.youtube.com/watch?v=kajTFOjktZg,train,4,1,entrevista tv

id000195,Gjgru8YiAS0,https://www.youtube.com/watch?v=Gjgru8YiAS0,train,1,1,entrevista tv
id000195,R5KP8nxZWH4,https://www.youtube.com/watch?v=R5KP8nxZWH4,train,2,1,entrevista tv
id000195,3tggm4gAOAs,https://www.youtube.com/watch?v=3tggm4gAOAs,train,3,1,entrevista tv   
id000195,LW8KZOuzXC0,https://www.youtube.com/watch?v=LW8KZOuzXC0,train,4,1,entrevista tv

id000196,pQKs1wpMmHc,https://www.youtube.com/watch?v=pQKs1wpMmHc,train,1,1,entrevista tv
id000196,exwqz75io_g,https://www.youtube.com/watch?v=exwqz75io_g,train,2,1,entrevista tv
id000196,iuKdwrg-LOA,https://www.youtube.com/watch?v=iuKdwrg-LOA,train,3,1,entrevista tv   
id000196,ilf75mn79wY,https://www.youtube.com/watch?v=ilf75mn79wY,train,4,1,entrevista tv

id000197,aPv_fS1jfnU,https://www.youtube.com/watch?v=aPv_fS1jfnU,train,1,1,entrevista tv
id000197,Y4h5Or6zt98,https://www.youtube.com/watch?v=Y4h5Or6zt98,train,2,1,entrevista tv
id000197,4H5wI5SMA6Y,https://www.youtube.com/watch?v=4H5wI5SMA6Y,train,3,1,entrevista tv   
id000197,fLUYz0yxiSs,https://www.youtube.com/watch?v=fLUYz0yxiSs,train,4,1,entrevista tv
id000197,63fEqV5iO6o,https://www.youtube.com/watch?v=63fEqV5iO6o,train,5,1,entrevista tv
id000197,9Anibd4h3Uo,https://www.youtube.com/watch?v=9Anibd4h3Uo,train,6,1,entrevista tv

id000198,8ajjfp3Ynso,https://www.youtube.com/watch?v=8ajjfp3Ynso,train,1,1,entrevista tv
id000198,SuxBRoo_HHk,https://www.youtube.com/watch?v=SuxBRoo_HHk,train,2,1,entrevista tv
id000198,XO64-lZMRow,https://www.youtube.com/watch?v=XO64-lZMRow,train,3,1,entrevista tv   
id000198,AefBFQ5TpiE,https://www.youtube.com/watch?v=AefBFQ5TpiE,train,4,1,entrevista tv
id000198,QbxEqUz7jBw,https://www.youtube.com/watch?v=QbxEqUz7jBw,train,5,1,entrevista tv

id000199,G8xOggZkhRY,https://www.youtube.com/watch?v=G8xOggZkhRY,train,1,1,entrevista tv
id000199,rVvBe4ig-Hc,https://www.youtube.com/watch?v=rVvBe4ig-Hc,train,2,1,entrevista tv
id000199,f-7IaVEobfY,https://www.youtube.com/watch?v=f-7IaVEobfY,train,3,1,entrevista tv   
id000199,0Ye_W9H05T0,https://www.youtube.com/watch?v=0Ye_W9H05T0,train,4,1,entrevista tv
id000199,x-NeEiz41SM,https://www.youtube.com/watch?v=x-NeEiz41SM,train,5,1,entrevista tv

id000200,j5Fn9WNBcAI,https://www.youtube.com/watch?v=j5Fn9WNBcAI,train,1,1,entrevista tv
id000200,g8svPi7Yhpo,https://www.youtube.com/watch?v=g8svPi7Yhpo,train,2,1,entrevista tv
id000200,No_kvq-k6Sw,https://www.youtube.com/watch?v=No_kvq-k6Sw,train,3,1,entrevista tv   
id000200,eGTg9p7D5aY,https://www.youtube.com/watch?v=eGTg9p7D5aY,train,4,1,entrevista tv
id000200,PttF6X3TX6E,https://www.youtube.com/watch?v=PttF6X3TX6E,train,5,1,entrevista tv

id000201,ChLDUEo1V5s,https://www.youtube.com/watch?v=ChLDUEo1V5s,train,1,1,entrevista tv
id000201,P750sI_bAGA,https://www.youtube.com/watch?v=P750sI_bAGA,train,2,1,entrevista tv
id000201,t1xf7YxqRus,https://www.youtube.com/watch?v=t1xf7YxqRus,train,3,1,entrevista tv   
id000201,Or4zOWIxRLw,https://www.youtube.com/watch?v=Or4zOWIxRLw,train,4,1,entrevista tv
id000201,8oZnKelX6kM,https://www.youtube.com/watch?v=8oZnKelX6kM,train,5,1,entrevista tv
id000201,WGXzN-Jn-cw,https://www.youtube.com/watch?v=WGXzN-Jn-cw,train,6,1,entrevista tv

id000202,zs8-CIiUQOo,https://www.youtube.com/watch?v=zs8-CIiUQOo,train,1,1,entrevista tv
id000202,7U8DBmt1VoE,https://www.youtube.com/watch?v=7U8DBmt1VoE,train,2,1,entrevista tv
id000202,uOakIKJLtjo,https://www.youtube.com/watch?v=uOakIKJLtjo,train,3,1,entrevista tv   
id000202,zkBu-5LSyVo,https://www.youtube.com/watch?v=zkBu-5LSyVo,train,4,1,entrevista tv
id000202,fdzMZOwyGY0,https://www.youtube.com/watch?v=fdzMZOwyGY0,train,5,1,entrevista tv

id000203,40DV2Md3Bck,https://www.youtube.com/watch?v=40DV2Md3Bck,train,1,1,entrevista tv
id000203,QMePY4fEK6M,https://www.youtube.com/watch?v=QMePY4fEK6M,train,2,1,entrevista tv
id000203,HhsbjxdxDaY,https://www.youtube.com/watch?v=HhsbjxdxDaY,train,3,1,entrevista tv   
id000203,N7gzzJ-XWKg,https://www.youtube.com/watch?v=N7gzzJ-XWKg,train,4,1,entrevista tv

id000204,M2OsWgRzDDA,https://www.youtube.com/watch?v=M2OsWgRzDDA,train,1,1,entrevista tv
id000204,9Zd3rFmws5w,https://www.youtube.com/watch?v=9Zd3rFmws5w,train,2,1,entrevista tv
id000204,HlaWDqkPfe4,https://www.youtube.com/watch?v=HlaWDqkPfe4,train,3,1,entrevista tv   
id000204,469nQnwePCo,https://www.youtube.com/watch?v=469nQnwePCo,train,4,1,entrevista tv

id000205,2gkPrxp3iCc,https://www.youtube.com/watch?v=2gkPrxp3iCc,train,1,1,entrevista tv
id000205,fjr1jMGODMY,https://www.youtube.com/watch?v=fjr1jMGODMY,train,2,1,entrevista tv
id000205,Xr8Llb4VpY8,https://www.youtube.com/watch?v=Xr8Llb4VpY8,train,3,1,entrevista tv   
id000205,JacW7hVKgLI,https://www.youtube.com/watch?v=JacW7hVKgLI,train,4,1,entrevista tv
id000205,xYg2dvt6m8Y,https://www.youtube.com/watch?v=xYg2dvt6m8Y,train,5,1,entrevista tv

id000206,9eVR-Hm_6fc,https://www.youtube.com/watch?v=9eVR-Hm_6fc,train,1,1,entrevista tv
id000206,TF92TppCSXk,https://www.youtube.com/watch?v=TF92TppCSXk,train,2,1,entrevista tv
id000206,OcHJap8SNPs,https://www.youtube.com/watch?v=OcHJap8SNPs,train,3,1,entrevista tv   
id000206,6D71Cf_sJEY,https://www.youtube.com/watch?v=6D71Cf_sJEY,train,4,1,entrevista tv
id000206,HBqAPrH-pcI,https://www.youtube.com/watch?v=HBqAPrH-pcI,train,5,1,entrevista tv
id000206,oimXeqUZKfg,https://www.youtube.com/watch?v=oimXeqUZKfg,train,6,1,entrevista tv

id000207,U5im75XrNL4,https://www.youtube.com/watch?v=U5im75XrNL4,train,1,1,entrevista tv
id000207,imBsLeelKPM,https://www.youtube.com/watch?v=imBsLeelKPM,train,2,1,entrevista tv
id000207,IcdDvs6o1KQ,https://www.youtube.com/watch?v=IcdDvs6o1KQ,train,3,1,entrevista tv   
id000207,7e-r_1pkukM,https://www.youtube.com/watch?v=7e-r_1pkukM,train,4,1,entrevista tv

id000208,wlCxjeD9uQU,https://www.youtube.com/watch?v=wlCxjeD9uQU,train,1,1,entrevista tv
id000208,sSnGcWRDC9w,https://www.youtube.com/watch?v=sSnGcWRDC9w,train,2,1,entrevista tv
id000208,9gwJucI-Ctg,https://www.youtube.com/watch?v=9gwJucI-Ctg,train,3,1,entrevista tv   
id000208,LkQr9AK9DCc,https://www.youtube.com/watch?v=LkQr9AK9DCc,train,4,1,entrevista tv
id000208,0Ylcj83iipA,https://www.youtube.com/watch?v=0Ylcj83iipA,train,5,1,entrevista tv

id000209,yKXVr0YZRFs,https://www.youtube.com/watch?v=yKXVr0YZRFs,train,1,1,entrevista tv
id000209,hZmguJqB3ok,https://www.youtube.com/watch?v=hZmguJqB3ok,train,2,1,entrevista tv
id000209,BSI-weG0Hi0,https://www.youtube.com/watch?v=BSI-weG0Hi0,train,3,1,entrevista tv   
id000209,kO2ijAjBKE0,https://www.youtube.com/watch?v=kO2ijAjBKE0,train,4,1,entrevista tv
id000209,OH5q_54cwCE,https://www.youtube.com/watch?v=OH5q_54cwCE,train,5,1,entrevista tv
id000209,wd7CyQRDcUI,https://www.youtube.com/watch?v=wd7CyQRDcUI,train,6,1,entrevista tv
id000209,1KFcxXEelmg,https://www.youtube.com/watch?v=1KFcxXEelmg,train,7,1,entrevista tv

id000210,zJ85g6z29yw,https://www.youtube.com/watch?v=zJ85g6z29yw,train,1,1,entrevista tv
id000210,Lax0tSwbrNE,https://www.youtube.com/watch?v=Lax0tSwbrNE,train,2,1,entrevista tv
id000210,tFohEjFSf-Q,https://www.youtube.com/watch?v=tFohEjFSf-Q,train,3,1,entrevista tv   
id000210,NaUaPMbKY4c,https://www.youtube.com/watch?v=NaUaPMbKY4c,train,4,1,entrevista tv

id000211,3Hi_UXdeJig,https://www.youtube.com/watch?v=3Hi_UXdeJig,train,1,1,entrevista tv
id000211,sIQxvmXw0Xc,https://www.youtube.com/watch?v=sIQxvmXw0Xc,train,2,1,entrevista tv
id000211,ow0LoP_BclU,https://www.youtube.com/watch?v=ow0LoP_BclU,train,3,1,entrevista tv   
id000211,CnnlHuhgqdI,https://www.youtube.com/watch?v=CnnlHuhgqdI,train,4,1,entrevista tv

id000212,D2yeSjBc2iE,https://www.youtube.com/watch?v=D2yeSjBc2iE,train,1,1,entrevista tv
id000212,9NSj3Paz5Co,https://www.youtube.com/watch?v=9NSj3Paz5Co,train,2,1,entrevista tv
id000212,HWbEMA5wONQ,https://www.youtube.com/watch?v=HWbEMA5wONQ,train,3,1,entrevista tv   
id000212,c1Z922ZtcSs,https://www.youtube.com/watch?v=c1Z922ZtcSs,train,4,1,entrevista tv

id000213,AzVg0e2qjXo,https://www.youtube.com/watch?v=AzVg0e2qjXo,train,1,1,entrevista tv
id000213,LyyxnBrvCM0,https://www.youtube.com/watch?v=LyyxnBrvCM0,train,2,1,entrevista tv
id000213,eocCD5yCv3o,https://www.youtube.com/watch?v=eocCD5yCv3o,train,3,1,entrevista tv   
id000213,KlUDKPSHd7c,https://www.youtube.com/watch?v=KlUDKPSHd7c,train,4,1,entrevista tv

id000214,1My3Vxmar7g,https://www.youtube.com/watch?v=1My3Vxmar7g,train,1,1,entrevista tv
id000214,AupYfg7PMUk,https://www.youtube.com/watch?v=AupYfg7PMUk,train,2,1,entrevista tv
id000214,2xOROB1jZ_k,https://www.youtube.com/watch?v=2xOROB1jZ_k,train,3,1,entrevista tv   
id000214,CjScjg1yJ5A,https://www.youtube.com/watch?v=CjScjg1yJ5A,train,4,1,entrevista tv

id000215,-JDdaWH7Bw4,https://www.youtube.com/watch?v=-JDdaWH7Bw4,train,1,1,entrevista tv
id000215,0WbgJlvoL40,https://www.youtube.com/watch?v=0WbgJlvoL40,train,2,1,entrevista tv
id000215,iugVU7DXH_E,https://www.youtube.com/watch?v=iugVU7DXH_E,train,3,1,entrevista tv   
id000215,lOOOl9Ex5b8,https://www.youtube.com/watch?v=lOOOl9Ex5b8,train,4,1,entrevista tv

id000216,6WjMqrOit_c,https://www.youtube.com/watch?v=6WjMqrOit_c,train,1,1,entrevista tv
id000216,3CQcylMienw,https://www.youtube.com/watch?v=3CQcylMienw,train,2,1,entrevista tv
id000216,aBJ1JOivlEc,https://www.youtube.com/watch?v=aBJ1JOivlEc,train,3,1,entrevista tv   
id000216,XSQICa6P7uc,https://www.youtube.com/watch?v=XSQICa6P7uc,train,4,1,entrevista tv

id000217,DR_JFSq24Bc,https://www.youtube.com/watch?v=DR_JFSq24Bc,train,1,1,entrevista tv
id000217,QKk6IC3cDSQ,https://www.youtube.com/watch?v=QKk6IC3cDSQ,train,2,1,entrevista tv
id000217,qx7UM9GxCgQ,https://www.youtube.com/watch?v=qx7UM9GxCgQ,train,3,1,entrevista tv   
id000217,YT9uXx8lhyc,https://www.youtube.com/watch?v=YT9uXx8lhyc,train,4,1,entrevista tv

id000218,m4bedv-BgHw,https://www.youtube.com/watch?v=m4bedv-BgHw,train,1,1,entrevista tv
id000218,PpPYNSJi81I,https://www.youtube.com/watch?v=PpPYNSJi81I,train,2,1,entrevista tv
id000218,UrGUuY4xMy8,https://www.youtube.com/watch?v=UrGUuY4xMy8,train,3,1,entrevista tv   
id000218,2MXAskij8vw,https://www.youtube.com/watch?v=2MXAskij8vw,train,4,1,entrevista tv
id000218,5N63BrjlB1E,https://www.youtube.com/watch?v=5N63BrjlB1E,train,5,1,entrevista tv

id000219,csaKe3oox8Q,https://www.youtube.com/watch?v=csaKe3oox8Q,train,1,1,entrevista tv
id000219,wpv84bna3mE,https://www.youtube.com/watch?v=wpv84bna3mE,train,2,1,entrevista tv
id000219,Ld5RbIG8_Mw,https://www.youtube.com/watch?v=Ld5RbIG8_Mw,train,3,1,entrevista tv   
id000219,j8vo7AXr1wg,https://www.youtube.com/watch?v=j8vo7AXr1wg,train,4,1,entrevista tv

id000220,QrX000DYxE8,https://www.youtube.com/watch?v=QrX000DYxE8,train,1,1,entrevista tv
id000220,xVGbQpM_e7c,https://www.youtube.com/watch?v=xVGbQpM_e7c,train,2,1,entrevista tv
id000220,UTbIQLzHBPw,https://www.youtube.com/watch?v=UTbIQLzHBPw,train,3,1,entrevista tv   
id000220,xbhCmd_cLj8,https://www.youtube.com/watch?v=xbhCmd_cLj8,train,4,1,entrevista tv
id000220,PnoJseQ12uE,https://www.youtube.com/watch?v=PnoJseQ12uE,train,5,1,entrevista tv
id000220,GxHRTaNMOUw,https://www.youtube.com/watch?v=GxHRTaNMOUw,train,6,1,entrevista tv
id000220,ti7KHOdhCt8,https://www.youtube.com/watch?v=ti7KHOdhCt8,train,7,1,entrevista tv

id000221,5xJ-K455dLg,https://www.youtube.com/watch?v=5xJ-K455dLg,train,1,1,entrevista tv
id000221,wgrJmKO-ucc,https://www.youtube.com/watch?v=wgrJmKO-ucc,train,2,1,entrevista tv
id000221,KrK4El2-yqk,https://www.youtube.com/watch?v=KrK4El2-yqk,train,3,1,entrevista tv   
id000221,AJQzJSUbEIU,https://www.youtube.com/watch?v=AJQzJSUbEIU,train,4,1,entrevista tv
id000221,NP1G7W97348,https://www.youtube.com/watch?v=NP1G7W97348,train,5,1,entrevista tv

id000222,XO64-lZMRow,https://www.youtube.com/watch?v=XO64-lZMRow,train,1,1,entrevista tv
id000222,f1DXICeae6k,https://www.youtube.com/watch?v=f1DXICeae6k,train,2,1,entrevista tv
id000222,wBioyGZTb50,https://www.youtube.com/watch?v=wBioyGZTb50,train,3,1,entrevista tv   
id000222,1Q5lCSghaSg,https://www.youtube.com/watch?v=1Q5lCSghaSg,train,4,1,entrevista tv
id000222,vVvvaksNbOY,https://www.youtube.com/watch?v=vVvvaksNbOY,train,5,1,entrevista tv

id000223,zWjgrLAo8xw,https://www.youtube.com/watch?v=zWjgrLAo8xw,train,1,1,entrevista tv
id000223,LqkGRlZC-Iw,https://www.youtube.com/watch?v=LqkGRlZC-Iw,train,2,1,entrevista tv
id000223,Rh3BiTUhgV0,https://www.youtube.com/watch?v=Rh3BiTUhgV0,train,3,1,entrevista tv   
id000223,TeEgULNY6V8,https://www.youtube.com/watch?v=TeEgULNY6V8,train,4,1,entrevista tv
id000223,_CoJ1sXNALI,https://www.youtube.com/watch?v=_CoJ1sXNALI,train,5,1,entrevista tv
id000223,tRCnbGheNvY,https://www.youtube.com/watch?v=tRCnbGheNvY,train,6,1,entrevista tv

id000224,U53wxHkHYeI,https://www.youtube.com/watch?v=U53wxHkHYeI,train,1,1,entrevista tv
id000224,b3Eiw0h7vdI,https://www.youtube.com/watch?v=b3Eiw0h7vdI,train,2,1,entrevista tv
id000224,qRbiPHFLNGA,https://www.youtube.com/watch?v=qRbiPHFLNGA,train,3,1,entrevista tv   
id000224,4yG2zxxRcQg,https://www.youtube.com/watch?v=4yG2zxxRcQg,train,4,1,entrevista tv
id000224,c-_iOSzpXgE,https://www.youtube.com/watch?v=c-_iOSzpXgE,train,5,1,entrevista tv
id000224,8Rdk5EJUlmg,https://www.youtube.com/watch?v=8Rdk5EJUlmg,train,6,1,entrevista tv

id000225,_XXmxHIxTHs,https://www.youtube.com/watch?v=_XXmxHIxTHs,train,1,1,entrevista tv
id000225,8QQCIr9BTo4,https://www.youtube.com/watch?v=8QQCIr9BTo4,train,2,1,entrevista tv
id000225,QpCv14smy14,https://www.youtube.com/watch?v=QpCv14smy14,train,3,1,entrevista tv   
id000225,31pzfY-aQx0,https://www.youtube.com/watch?v=31pzfY-aQx0,train,4,1,entrevista tv
id000225,bgXPoha3CCs,https://www.youtube.com/watch?v=bgXPoha3CCs,train,5,1,entrevista tv
id000225,yXx-eJqJLPM,https://www.youtube.com/watch?v=yXx-eJqJLPM,train,6,1,entrevista tv
id000225,AiIsDrZ-_8E,https://www.youtube.com/watch?v=AiIsDrZ-_8E,train,7,1,entrevista tv

id000226,kMxeAccRuos,https://www.youtube.com/watch?v=kMxeAccRuos,train,1,1,entrevista tv
id000226,G6hcIVqdvxI,https://www.youtube.com/watch?v=G6hcIVqdvxI,train,2,1,entrevista tv
id000226,QtMf9duvYJ0,https://www.youtube.com/watch?v=QtMf9duvYJ0,train,3,1,entrevista tv   
id000226,nsB0Rlp-SRY,https://www.youtube.com/watch?v=nsB0Rlp-SRY,train,4,1,entrevista tv

id000227,f4fcvofAdvI,https://www.youtube.com/watch?v=f4fcvofAdvI,train,1,1,entrevista tv
id000227,u7VZPf21DIw,https://www.youtube.com/watch?v=u7VZPf21DIw,train,2,1,entrevista tv
id000227,NN1Cn26TYjU,https://www.youtube.com/watch?v=NN1Cn26TYjU,train,3,1,entrevista tv   
id000227,KQ1eHDf-l6c,https://www.youtube.com/watch?v=KQ1eHDf-l6c,train,4,1,entrevista tv
id000227,-Pnzm6EQZ-A,https://www.youtube.com/watch?v=-Pnzm6EQZ-A,train,5,1,entrevista tv

id000228,7G-my4v9M08,https://www.youtube.com/watch?v=7G-my4v9M08,train,1,1,entrevista tv
id000228,MU844mV6YzA,https://www.youtube.com/watch?v=MU844mV6YzA,train,2,1,entrevista tv
id000228,nHLRUz0rAKA,https://www.youtube.com/watch?v=nHLRUz0rAKA,train,3,1,entrevista tv   
id000228,hH_AQjUcSzs,https://www.youtube.com/watch?v=hH_AQjUcSzs,train,4,1,entrevista tv
id000228,l-8S-lmpMrk,https://www.youtube.com/watch?v=l-8S-lmpMrk,train,5,1,entrevista tv

id000229,3arS1IkZm7o,https://www.youtube.com/watch?v=3arS1IkZm7o,train,1,1,entrevista tv
id000229,y9uFlDfcGZ8,https://www.youtube.com/watch?v=y9uFlDfcGZ8,train,2,1,entrevista tv
id000229,mhYqaS8ktqU,https://www.youtube.com/watch?v=mhYqaS8ktqU,train,3,1,entrevista tv   
id000229,EXTILrbJY5M,https://www.youtube.com/watch?v=EXTILrbJY5M,train,4,1,entrevista tv
id000229,t4vMp2VXSPc,https://www.youtube.com/watch?v=t4vMp2VXSPc,train,5,1,entrevista tv
id000229,rKHnmctPh8s,https://www.youtube.com/watch?v=rKHnmctPh8s,train,6,1,entrevista tv

id000230,1eJLDUVRCMY,https://www.youtube.com/watch?v=1eJLDUVRCMY,train,1,1,entrevista tv
id000230,hILNd6ZhdwY,https://www.youtube.com/watch?v=hILNd6ZhdwY,train,2,1,entrevista tv
id000230,afQypd2wIBM,https://www.youtube.com/watch?v=afQypd2wIBM,train,3,1,entrevista tv   
id000230,KzSrO55MqWo,https://www.youtube.com/watch?v=KzSrO55MqWo,train,4,1,entrevista tv

id000231,zO4o0A_J46U,https://www.youtube.com/watch?v=zO4o0A_J46U,train,1,1,entrevista tv
id000231,IGBw1i12b_g,https://www.youtube.com/watch?v=IGBw1i12b_g,train,2,1,entrevista tv
id000231,gOjKknI5UaU,https://www.youtube.com/watch?v=gOjKknI5UaU,train,3,1,entrevista tv   
id000231,hyf90XndMYs,https://www.youtube.com/watch?v=hyf90XndMYs,train,4,1,entrevista tv
id000231,yOAQsli-7lo,https://www.youtube.com/watch?v=yOAQsli-7lo,train,5,1,entrevista tv
id000231,ZSnrW9p9ePE,https://www.youtube.com/watch?v=ZSnrW9p9ePE,train,6,1,entrevista tv

id000232,e9sj4STB3MM,https://www.youtube.com/watch?v=e9sj4STB3MM,train,1,1,entrevista tv
id000232,TDdnXiJpcok,https://www.youtube.com/watch?v=TDdnXiJpcok,train,2,1,entrevista tv
id000232,1LQ5YQe9RUo,https://www.youtube.com/watch?v=1LQ5YQe9RUo,train,3,1,entrevista tv   
id000232,W5zCjahYFN8,https://www.youtube.com/watch?v=W5zCjahYFN8,train,4,1,entrevista tv
id000232,YrD6ZBwTaYc,https://www.youtube.com/watch?v=YrD6ZBwTaYc,train,5,1,entrevista tv
id000232,SficiDMsqDg,https://www.youtube.com/watch?v=SficiDMsqDg,train,6,1,entrevista tv

id000233,81np0FmoIt4,https://www.youtube.com/watch?v=81np0FmoIt4,train,1,1,entrevista tv
id000233,i-UXge9ouZk,https://www.youtube.com/watch?v=i-UXge9ouZk,train,2,1,entrevista tv
id000233,jfydLzQs0D0,https://www.youtube.com/watch?v=jfydLzQs0D0,train,3,1,entrevista tv   
id000233,d837pISBBN8,https://www.youtube.com/watch?v=d837pISBBN8,train,4,1,entrevista tv

id000234,St5IJ1h-BoA,https://www.youtube.com/watch?v=St5IJ1h-BoA,train,1,1,entrevista tv
id000234,mETNT-rRgAo,https://www.youtube.com/watch?v=mETNT-rRgAo,train,2,1,entrevista tv
id000234,ISOlsbGt0T0,https://www.youtube.com/watch?v=ISOlsbGt0T0,train,3,1,entrevista tv   
id000234,9eCpTsvf1w0,https://www.youtube.com/watch?v=9eCpTsvf1w0,train,4,1,entrevista tv
id000234,E_B73KE7nbE,https://www.youtube.com/watch?v=E_B73KE7nbE,train,5,1,entrevista tv

id000235,eZCjyD3kOGU,https://www.youtube.com/watch?v=eZCjyD3kOGU,train,1,1,entrevista tv
id000235,6IMUDL_TJsA,https://www.youtube.com/watch?v=6IMUDL_TJsA,train,2,1,entrevista tv
id000235,G0QSN2rREHQ,https://www.youtube.com/watch?v=G0QSN2rREHQ,train,3,1,entrevista tv   
id000235,fJ0UTtpPE_U,https://www.youtube.com/watch?v=fJ0UTtpPE_U,train,4,1,entrevista tv

id000236,gnvhqr1iWMI,https://www.youtube.com/watch?v=gnvhqr1iWMI,train,1,1,entrevista tv
id000236,5zQR_MsGcOY,https://www.youtube.com/watch?v=5zQR_MsGcOY,train,2,1,entrevista tv
id000236,mkyYGGzd318,https://www.youtube.com/watch?v=mkyYGGzd318,train,3,1,entrevista tv   
id000236,osiMW_n0UAs,https://www.youtube.com/watch?v=osiMW_n0UAs,train,4,1,entrevista tv

id000237,f_M3SLNYX9Y,https://www.youtube.com/watch?v=f_M3SLNYX9Y,train,1,1,entrevista tv
id000237,R38Wk9y9J6s,https://www.youtube.com/watch?v=R38Wk9y9J6s,train,2,1,entrevista tv
id000237,q3CNZ7ulEps,https://www.youtube.com/watch?v=q3CNZ7ulEps,train,3,1,entrevista tv   
id000237,Y-uL455iv0U,https://www.youtube.com/watch?v=Y-uL455iv0U,train,4,1,entrevista tv
id000237,jWnjV_ApZaw,https://www.youtube.com/watch?v=jWnjV_ApZaw,train,5,1,entrevista tv

id000238,F7bo5yHDmv4,https://www.youtube.com/watch?v=F7bo5yHDmv4,train,1,1,entrevista tv
id000238,PVN8vQTXpR8,https://www.youtube.com/watch?v=PVN8vQTXpR8,train,2,1,entrevista tv
id000238,yP21ibCR_-Q,https://www.youtube.com/watch?v=yP21ibCR_-Q,train,3,1,entrevista tv   
id000238,cg3-8_OVDsQ,https://www.youtube.com/watch?v=cg3-8_OVDsQ,train,4,1,entrevista tv

id000239,yparGAfBuDw,https://www.youtube.com/watch?v=yparGAfBuDw,train,1,1,entrevista tv
id000239,pNVAlME83tw,https://www.youtube.com/watch?v=pNVAlME83tw,train,2,1,entrevista tv
id000239,w29xir3NBM0,https://www.youtube.com/watch?v=w29xir3NBM0,train,3,1,entrevista tv   
id000239,ebgJfkneVB8,https://www.youtube.com/watch?v=ebgJfkneVB8,train,4,1,entrevista tv
id000239,Rs9n6_z8Tc4,https://www.youtube.com/watch?v=Rs9n6_z8Tc4,train,5,1,entrevista tv
id000239,9qcetXfkwQs,https://www.youtube.com/watch?v=9qcetXfkwQs,train,6,1,entrevista tv

id000240,xFcAFMy7epY,https://www.youtube.com/watch?v=xFcAFMy7epY,train,1,1,entrevista tv
id000240,9fo-u2zb_aI,https://www.youtube.com/watch?v=9fo-u2zb_aI,train,2,1,entrevista tv
id000240,4dsxob3gzTg,https://www.youtube.com/watch?v=4dsxob3gzTg,train,3,1,entrevista tv   
id000240,KyvX1RhrHz0,https://www.youtube.com/watch?v=KyvX1RhrHz0,train,4,1,entrevista tv

id000241,4r9s1pKI204,https://www.youtube.com/watch?v=4r9s1pKI204,train,1,1,entrevista tv
id000241,ux1VcfCLNgQ,https://www.youtube.com/watch?v=ux1VcfCLNgQ,train,2,1,entrevista tv
id000241,JkBtY50af_g,https://www.youtube.com/watch?v=JkBtY50af_g,train,3,1,entrevista tv   
id000241,Sy86i8QH6ZM,https://www.youtube.com/watch?v=Sy86i8QH6ZM,train,4,1,entrevista tv

id000242,cb90xmtHwWU,https://www.youtube.com/watch?v=cb90xmtHwWU,train,1,1,entrevista tv
id000242,q7VgpPsL2gw,https://www.youtube.com/watch?v=q7VgpPsL2gw,train,2,1,entrevista tv
id000242,nulNey0-XSc,https://www.youtube.com/watch?v=nulNey0-XSc,train,3,1,entrevista tv   
id000242,cNLLSf5KknI,https://www.youtube.com/watch?v=cNLLSf5KknI,train,4,1,entrevista tv

id000243,FD_Ri9VJZFY,https://www.youtube.com/watch?v=FD_Ri9VJZFY,train,1,1,entrevista tv
id000243,zg_tKY_wk9w,https://www.youtube.com/watch?v=zg_tKY_wk9w,train,2,1,entrevista tv
id000243,vdeFEhDL-r8,https://www.youtube.com/watch?v=vdeFEhDL-r8,train,3,1,entrevista tv   
id000243,pGaxfJI_JvY,https://www.youtube.com/watch?v=pGaxfJI_JvY,train,4,1,entrevista tv
id000243,eMhvncF1mLA,https://www.youtube.com/watch?v=eMhvncF1mLA,train,5,1,entrevista tv
id000243,z3hL5HLll50,https://www.youtube.com/watch?v=z3hL5HLll50,train,6,1,entrevista tv

id000244,gJSfkHtcdQ0,https://www.youtube.com/watch?v=gJSfkHtcdQ0,train,1,1,entrevista tv
id000244,gmWyhUN5i6A,https://www.youtube.com/watch?v=gmWyhUN5i6A,train,2,1,entrevista tv
id000244,-3RM04QBe20,https://www.youtube.com/watch?v=-3RM04QBe20,train,3,1,entrevista tv   
id000244,WvOwMb3ReaI,https://www.youtube.com/watch?v=WvOwMb3ReaI,train,4,1,entrevista tv
id000244,GUiK_CJ8WJs,https://www.youtube.com/watch?v=GUiK_CJ8WJs,train,5,1,entrevista tv

id000245,twPDfYXBc78,https://www.youtube.com/watch?v=twPDfYXBc78,train,1,1,entrevista tv
id000245,dDjN9_1d6_Q,https://www.youtube.com/watch?v=dDjN9_1d6_Q,train,2,1,entrevista tv
id000245,FiMS_peQ0Nw,https://www.youtube.com/watch?v=FiMS_peQ0Nw,train,3,1,entrevista tv   
id000245,EiFHOMaEVu0,https://www.youtube.com/watch?v=EiFHOMaEVu0,train,4,1,entrevista tv
id000245,tp6k8XcFP5Y,https://www.youtube.com/watch?v=tp6k8XcFP5Y,train,5,1,entrevista tv

id000246,lOkakAuxsLs,https://www.youtube.com/watch?v=lOkakAuxsLs,train,1,1,entrevista tv
id000246,AerjRbeipyU,https://www.youtube.com/watch?v=AerjRbeipyU,train,2,1,entrevista tv
id000246,bxJYKVvEeFY,https://www.youtube.com/watch?v=bxJYKVvEeFY,train,3,1,entrevista tv   
id000246,itS_0KNadvo,https://www.youtube.com/watch?v=itS_0KNadvo,train,4,1,entrevista tv
id000246,QVuyqcAJ_V8,https://www.youtube.com/watch?v=QVuyqcAJ_V8,train,5,1,entrevista tv
id000246,BlZfkW5uykg,https://www.youtube.com/watch?v=BlZfkW5uykg,train,6,1,entrevista tv

id000247,LCZF3FgXrZY,https://www.youtube.com/watch?v=LCZF3FgXrZY,train,1,1,entrevista tv
id000247,pW-PahSCv4I,https://www.youtube.com/watch?v=pW-PahSCv4I,train,2,1,entrevista tv
id000247,z3U2152_69g,https://www.youtube.com/watch?v=z3U2152_69g,train,3,1,entrevista tv   
id000247,0w1L6_m-i3c,https://www.youtube.com/watch?v=0w1L6_m-i3c,train,4,1,entrevista tv

id000248,EP7Bsf5pQCA,https://www.youtube.com/watch?v=EP7Bsf5pQCA,train,1,1,entrevista tv
id000248,F0qlmEZS3R4,https://www.youtube.com/watch?v=F0qlmEZS3R4,train,2,1,entrevista tv
id000248,LLqUwCbz1iE,https://www.youtube.com/watch?v=LLqUwCbz1iE,train,3,1,entrevista tv   
id000248,m2wlCn9CScM,https://www.youtube.com/watch?v=m2wlCn9CScM,train,4,1,entrevista tv
id000248,3lHoynsZyvE,https://www.youtube.com/watch?v=3lHoynsZyvE,train,5,1,entrevista tv
id000248,b58K1fWlQrw,https://www.youtube.com/watch?v=b58K1fWlQrw,train,6,1,entrevista tv

id000249,D8OgQeLW-SI,https://www.youtube.com/watch?v=D8OgQeLW-SI,train,1,1,entrevista tv
id000249,p2nqQWCHhrc,https://www.youtube.com/watch?v=p2nqQWCHhrc,train,2,1,entrevista tv
id000249,Sr0RHcjSPYU,https://www.youtube.com/watch?v=Sr0RHcjSPYU,train,3,1,entrevista tv   
id000249,jGiySr4jzsM,https://www.youtube.com/watch?v=jGiySr4jzsM,train,4,1,entrevista tv
id000249,q-9WLQfycss,https://www.youtube.com/watch?v=q-9WLQfycss,train,5,1,entrevista tv

id000250,MIvPP5QMfmg,https://www.youtube.com/watch?v=MIvPP5QMfmg,train,1,1,entrevista tv
id000250,PyY72Hh3sy4,https://www.youtube.com/watch?v=PyY72Hh3sy4,train,2,1,entrevista tv
id000250,CAy5vz3REO4,https://www.youtube.com/watch?v=CAy5vz3REO4,train,3,1,entrevista tv   
id000250,D9gDA5ZiwAw,https://www.youtube.com/watch?v=D9gDA5ZiwAw,train,4,1,entrevista tv

id000251,w6DOkkT58JQ,https://www.youtube.com/watch?v=w6DOkkT58JQ,train,1,1,entrevista tv
id000251,m1Yw8sgpMtM,https://www.youtube.com/watch?v=m1Yw8sgpMtM,train,2,1,entrevista tv
id000251,oycwj8Sr52w,https://www.youtube.com/watch?v=oycwj8Sr52w,train,3,1,entrevista tv   
id000251,UlZruGtL_e8,https://www.youtube.com/watch?v=UlZruGtL_e8,train,4,1,entrevista tv

id000252,9RxNHXmbXbA,https://www.youtube.com/watch?v=9RxNHXmbXbA,train,1,1,entrevista tv
id000252,BqFUBeclyTw,https://www.youtube.com/watch?v=BqFUBeclyTw,train,2,1,entrevista tv
id000252,uTbDPasyXhE,https://www.youtube.com/watch?v=uTbDPasyXhE,train,3,1,entrevista tv   
id000252,npS-LXtnaAw,https://www.youtube.com/watch?v=npS-LXtnaAw,train,4,1,entrevista tv
id000252,vmdmxKU_5DI,https://www.youtube.com/watch?v=vmdmxKU_5DI,train,5,1,entrevista tv

id000253,spitWMC2VkI,https://www.youtube.com/watch?v=spitWMC2VkI,train,1,1,entrevista tv
id000253,CikurA5UE1I,https://www.youtube.com/watch?v=CikurA5UE1I,train,2,1,entrevista tv
id000253,x7Z5DNJvtxE,https://www.youtube.com/watch?v=x7Z5DNJvtxE,train,3,1,entrevista tv   
id000253,orw3ciFRwuc,https://www.youtube.com/watch?v=orw3ciFRwuc,train,4,1,entrevista tv

id000254,XUNdq1dN_G4,https://www.youtube.com/watch?v=XUNdq1dN_G4,train,1,1,entrevista tv
id000254,NZxwiEdRyYo,https://www.youtube.com/watch?v=NZxwiEdRyYo,train,2,1,entrevista tv
id000254,lPevW3je8Qc,https://www.youtube.com/watch?v=lPevW3je8Qc,train,3,1,entrevista tv   
id000254,_7NqGJIyNYM,https://www.youtube.com/watch?v=_7NqGJIyNYM,train,4,1,entrevista tv

id000255,mr6eA8h_wZU,https://www.youtube.com/watch?v=mr6eA8h_wZU,train,1,1,entrevista tv
id000255,kwujS1u8xMk,https://www.youtube.com/watch?v=kwujS1u8xMk,train,2,1,entrevista tv
id000255,Gsv-HFshYAo,https://www.youtube.com/watch?v=Gsv-HFshYAo,train,3,1,entrevista tv   
id000255,lIqD0oPF9fM,https://www.youtube.com/watch?v=lIqD0oPF9fM,train,4,1,entrevista tv
id000255,eFkXFfiZutQ,https://www.youtube.com/watch?v=eFkXFfiZutQ,train,5,1,entrevista tv
id000255,7052lusZ4e4,https://www.youtube.com/watch?v=7052lusZ4e4,train,6,1,entrevista tv

id000256,JQtnjWKtyQs,https://www.youtube.com/watch?v=JQtnjWKtyQs,train,1,1,entrevista tv
id000256,X7M9uZMGuh4,https://www.youtube.com/watch?v=X7M9uZMGuh4,train,2,1,entrevista tv
id000256,tnm6Msc6nB4,https://www.youtube.com/watch?v=tnm6Msc6nB4,train,3,1,entrevista tv   
id000256,iB424eYGl_Q,https://www.youtube.com/watch?v=iB424eYGl_Q,train,4,1,entrevista tv
id000256,vPHTR02SvWY,https://www.youtube.com/watch?v=vPHTR02SvWY,train,5,1,entrevista tv

id000257,6qa3nr8OCdc,https://www.youtube.com/watch?v=6qa3nr8OCdc,train,1,1,entrevista tv
id000257,EX69MTnRmxk,https://www.youtube.com/watch?v=EX69MTnRmxk,train,2,1,entrevista tv
id000257,pCa7bWCauEg,https://www.youtube.com/watch?v=pCa7bWCauEg,train,3,1,entrevista tv   
id000257,-9nPcHzkjCY,https://www.youtube.com/watch?v=-9nPcHzkjCY,train,4,1,entrevista tv

id000258,mUT9NxlIwuM,https://www.youtube.com/watch?v=mUT9NxlIwuM,train,1,1,entrevista tv
id000258,ikiErtYdbWg,https://www.youtube.com/watch?v=ikiErtYdbWg,train,2,1,entrevista tv
id000258,DsWKZBZ9-M0,https://www.youtube.com/watch?v=DsWKZBZ9-M0,train,3,1,entrevista tv   
id000258,BQzgIHkl2BQ,https://www.youtube.com/watch?v=BQzgIHkl2BQ,train,4,1,entrevista tv
id000258,7m5a7QaQ4xM,https://www.youtube.com/watch?v=7m5a7QaQ4xM,train,5,1,entrevista tv

id000259,aXKrJnm73VA,https://www.youtube.com/watch?v=aXKrJnm73VA,train,1,1,entrevista tv
id000259,kdnJcfkIryQ,https://www.youtube.com/watch?v=kdnJcfkIryQ,train,2,1,entrevista tv
id000259,JrUSrcsCzpU,https://www.youtube.com/watch?v=JrUSrcsCzpU,train,3,1,entrevista tv   
id000259,H7fgguQEvxc,https://www.youtube.com/watch?v=H7fgguQEvxc,train,4,1,entrevista tv
id000259,tjMxVF1LYX8,https://www.youtube.com/watch?v=tjMxVF1LYX8,train,5,1,entrevista tv

id000260,WaYojDQS-dY,https://www.youtube.com/watch?v=WaYojDQS-dY,train,1,1,entrevista tv
id000260,7YHuVBzPyxI,https://www.youtube.com/watch?v=7YHuVBzPyxI,train,2,1,entrevista tv
id000260,yQ3ABNwGkRs,https://www.youtube.com/watch?v=yQ3ABNwGkRs,train,3,1,entrevista tv   
id000260,-qUSKBLrQic,https://www.youtube.com/watch?v=-qUSKBLrQic,train,4,1,entrevista tv

id000261,kuYiTfIZe3k,https://www.youtube.com/watch?v=kuYiTfIZe3k,train,1,1,entrevista tv
id000261,cBBB6xrPrns,https://www.youtube.com/watch?v=cBBB6xrPrns,train,2,1,entrevista tv
id000261,Skno4byBU_s,https://www.youtube.com/watch?v=Skno4byBU_s,train,3,1,entrevista tv   
id000261,TmujRxQTkq0,https://www.youtube.com/watch?v=TmujRxQTkq0,train,4,1,entrevista tv

id000262,_YmjCto5WEs,https://www.youtube.com/watch?v=_YmjCto5WEs,train,1,1,entrevista tv
id000262,decblDGoi4A,https://www.youtube.com/watch?v=decblDGoi4A,train,2,1,entrevista tv
id000262,wjbYno-NSk4,https://www.youtube.com/watch?v=wjbYno-NSk4,train,3,1,entrevista tv   
id000262,IDaL32eUNfQ,https://www.youtube.com/watch?v=IDaL32eUNfQ,train,4,1,entrevista tv
id000262,6EZO7tWX6OQ,https://www.youtube.com/watch?v=6EZO7tWX6OQ,train,5,1,entrevista tv
id000262,q56Fh6Aoc3o,https://www.youtube.com/watch?v=q56Fh6Aoc3o,train,6,1,entrevista tv

id000263,g9fqD1Cb1s0,https://www.youtube.com/watch?v=g9fqD1Cb1s0,train,1,1,entrevista tv
id000263,MAwG2Wyd18g,https://www.youtube.com/watch?v=MAwG2Wyd18g,train,2,1,entrevista tv
id000263,4O1EOoS6CmA,https://www.youtube.com/watch?v=4O1EOoS6CmA,train,3,1,entrevista tv   
id000263,_U0bEypuOR4,https://www.youtube.com/watch?v=_U0bEypuOR4,train,4,1,entrevista tv

id000264,7CABrdgIlhc,https://www.youtube.com/watch?v=7CABrdgIlhc,train,1,1,entrevista tv
id000264,fMXlhisC5-8,https://www.youtube.com/watch?v=fMXlhisC5-8,train,2,1,entrevista tv
id000264,de4IlZ73zRY,https://www.youtube.com/watch?v=de4IlZ73zRY,train,3,1,entrevista tv   
id000264,lS4-ONyrz84,https://www.youtube.com/watch?v=lS4-ONyrz84,train,4,1,entrevista tv

id000265,xwqPEaTuBeY,https://www.youtube.com/watch?v=xwqPEaTuBeY,train,1,1,entrevista tv
id000265,V0HKGBn6lU8,https://www.youtube.com/watch?v=V0HKGBn6lU8,train,2,1,entrevista tv
id000265,N3bESrnPRbQ,https://www.youtube.com/watch?v=N3bESrnPRbQ,train,3,1,entrevista tv   
id000265,7LbcS-tstng,https://www.youtube.com/watch?v=7LbcS-tstng,train,4,1,entrevista tv

id000266,Grj6Ai_-a8o,https://www.youtube.com/watch?v=Grj6Ai_-a8o,train,1,1,entrevista tv
id000266,fGpyB8dWsiE,https://www.youtube.com/watch?v=fGpyB8dWsiE,train,2,1,entrevista tv
id000266,ZGX-D1MvDnY,https://www.youtube.com/watch?v=ZGX-D1MvDnY,train,3,1,entrevista tv   
id000266,Ku9nw4b8KVA,https://www.youtube.com/watch?v=Ku9nw4b8KVA,train,4,1,entrevista tv

id000267,I6I75ReBK4U,https://www.youtube.com/watch?v=I6I75ReBK4U,train,1,1,entrevista tv
id000267,Xmch7Dwgv0g,https://www.youtube.com/watch?v=Xmch7Dwgv0g,train,2,1,entrevista tv
id000267,xGQ8EjRlhpw,https://www.youtube.com/watch?v=xGQ8EjRlhpw,train,3,1,entrevista tv   
id000267,5btH0j8d7ug,https://www.youtube.com/watch?v=5btH0j8d7ug,train,4,1,entrevista tv
id000267,BFAOuWjaoCA,https://www.youtube.com/watch?v=BFAOuWjaoCA,train,5,1,entrevista tv
id000267,cwIWAJcYmLk,https://www.youtube.com/watch?v=cwIWAJcYmLk,train,6,1,entrevista tv
id000267,cCr-RWdL8jE,https://www.youtube.com/watch?v=cCr-RWdL8jE,train,6,1,entrevista tv

id000268,rjRESKP1eN8,https://www.youtube.com/watch?v=rjRESKP1eN8,train,1,1,entrevista tv
id000268,PJULdmq8A9Y,https://www.youtube.com/watch?v=PJULdmq8A9Y,train,2,1,entrevista tv
id000268,gvbaAgtkHTc,https://www.youtube.com/watch?v=gvbaAgtkHTc,train,3,1,entrevista tv   
id000268,8y9HzXqsqfQ,https://www.youtube.com/watch?v=8y9HzXqsqfQ,train,4,1,entrevista tv
id000268,YmHBlmxFuIc,https://www.youtube.com/watch?v=YmHBlmxFuIc,train,5,1,entrevista tv

id000269,ekC9W6gzsxU,https://www.youtube.com/watch?v=ekC9W6gzsxU,train,1,1,entrevista tv
id000269,B3wpY99iwRc,https://www.youtube.com/watch?v=B3wpY99iwRc,train,2,1,entrevista tv
id000269,FDLgNDAgAvQ,https://www.youtube.com/watch?v=FDLgNDAgAvQ,train,3,1,entrevista tv   
id000269,IoFLBH7age8,https://www.youtube.com/watch?v=IoFLBH7age8,train,4,1,entrevista tv

id000270,gSAUMPWzTHg,https://www.youtube.com/watch?v=gSAUMPWzTHg,train,1,1,entrevista tv
id000270,q_czi0NPAFM,https://www.youtube.com/watch?v=q_czi0NPAFM,train,2,1,entrevista tv
id000270,iaCN48Wez2E,https://www.youtube.com/watch?v=iaCN48Wez2E,train,3,1,entrevista tv   
id000270,mO-dP8Hszxo,https://www.youtube.com/watch?v=mO-dP8Hszxo,train,4,1,entrevista tv
id000270,hUldexajhjY,https://www.youtube.com/watch?v=hUldexajhjY,train,5,1,entrevista tv

id000271,StP2C0v-HeU,https://www.youtube.com/watch?v=StP2C0v-HeU,train,1,1,entrevista tv
id000271,psxuh067nMg,https://www.youtube.com/watch?v=psxuh067nMg,train,2,1,entrevista tv
id000271,2pU-2vu0YtM,https://www.youtube.com/watch?v=2pU-2vu0YtM,train,3,1,entrevista tv   
id000271,ZXFeGIGC56s,https://www.youtube.com/watch?v=ZXFeGIGC56s,train,4,1,entrevista tv

id000272,F9iH30XA-NY,https://www.youtube.com/watch?v=F9iH30XA-NY,train,1,1,entrevista tv
id000272,_lf3b9zwSLM,https://www.youtube.com/watch?v=_lf3b9zwSLM,train,2,1,entrevista tv
id000272,FvGrgwRUV8U,https://www.youtube.com/watch?v=FvGrgwRUV8U,train,3,1,entrevista tv   
id000272,xIvWyRnNST0,https://www.youtube.com/watch?v=xIvWyRnNST0,train,4,1,entrevista tv

id000273,CP0BSyFiZVM,https://www.youtube.com/watch?v=CP0BSyFiZVM,train,1,1,entrevista tv
id000273,gHhWLDNcelU,https://www.youtube.com/watch?v=gHhWLDNcelU,train,2,1,entrevista tv
id000273,HABxtklVdLA,https://www.youtube.com/watch?v=HABxtklVdLA,train,3,1,entrevista tv   
id000273,vFb9CdcFaJU,https://www.youtube.com/watch?v=vFb9CdcFaJU,train,4,1,entrevista tv

id000274,cQBK-mHMdaQ,https://www.youtube.com/watch?v=cQBK-mHMdaQ,train,1,1,entrevista tv
id000274,C9W_e-YKDz8,https://www.youtube.com/watch?v=C9W_e-YKDz8,train,2,1,entrevista tv
id000274,W8zJ-5f77fo,https://www.youtube.com/watch?v=W8zJ-5f77fo,train,3,1,entrevista tv   
id000274,PhgT7cIXkMc,https://www.youtube.com/watch?v=PhgT7cIXkMc,train,4,1,entrevista tv
id000274,8laG8WTSEek,https://www.youtube.com/watch?v=8laG8WTSEek,train,5,1,entrevista tv

id000275,yodgicNnmLU,https://www.youtube.com/watch?v=yodgicNnmLU,train,1,1,entrevista tv
id000275,l7eZlKN35yI,https://www.youtube.com/watch?v=l7eZlKN35yI,train,2,1,entrevista tv
id000275,pHLZ-Lqp6Ow,https://www.youtube.com/watch?v=pHLZ-Lqp6Ow,train,3,1,entrevista tv   
id000275,r0woZaiuE9s,https://www.youtube.com/watch?v=r0woZaiuE9s,train,4,1,entrevista tv
id000275,gpa0d_2ioB8,https://www.youtube.com/watch?v=gpa0d_2ioB8,train,5,1,entrevista tv

id000276,fT7RWPczcIE,https://www.youtube.com/watch?v=fT7RWPczcIE,train,1,1,entrevista tv
id000276,UrqCu4zD0II,https://www.youtube.com/watch?v=UrqCu4zD0II,train,2,1,entrevista tv
id000276,g9tfe4tYGf4,https://www.youtube.com/watch?v=g9tfe4tYGf4,train,3,1,entrevista tv   
id000276,zkXz_3qv9us,https://www.youtube.com/watch?v=zkXz_3qv9us,train,4,1,entrevista tv

id000277,80eoCIuGm64,https://www.youtube.com/watch?v=80eoCIuGm64,train,1,1,entrevista tv
id000277,X8LkhQV2USY,https://www.youtube.com/watch?v=X8LkhQV2USY,train,2,1,entrevista tv
id000277,koHftKbvS0A,https://www.youtube.com/watch?v=koHftKbvS0A,train,3,1,entrevista tv   
id000277,ky6dvsHH1K4,https://www.youtube.com/watch?v=ky6dvsHH1K4,train,4,1,entrevista tv

id000278,aAi4-si3rqg,https://www.youtube.com/watch?v=aAi4-si3rqg,train,1,1,entrevista tv
id000278,EAMvFtAFHA4,https://www.youtube.com/watch?v=EAMvFtAFHA4,train,2,1,entrevista tv
id000278,jLiWc-W4VHE,https://www.youtube.com/watch?v=jLiWc-W4VHE,train,3,1,entrevista tv   
id000278,7q0upYomGMw,https://www.youtube.com/watch?v=7q0upYomGMw,train,4,1,entrevista tv

id000279,IyOE9Qisv_U,https://www.youtube.com/watch?v=IyOE9Qisv_U,train,1,1,entrevista tv
id000279,SGoC3tQm_Hs,https://www.youtube.com/watch?v=SGoC3tQm_Hs,train,2,1,entrevista tv
id000279,HzEMB_Xtm7U,https://www.youtube.com/watch?v=HzEMB_Xtm7U,train,3,1,entrevista tv   
id000279,ChzHx_cMheE,https://www.youtube.com/watch?v=ChzHx_cMheE,train,4,1,entrevista tv

id000280,bcXxkRyujpo,https://www.youtube.com/watch?v=bcXxkRyujpo,train,1,1,entrevista tv
id000280,0gtzIIm3DgE,https://www.youtube.com/watch?v=0gtzIIm3DgE,train,2,1,entrevista tv
id000280,-g3nDIpB7Zw,https://www.youtube.com/watch?v=-g3nDIpB7Zw,train,3,1,entrevista tv   
id000280,W9k13mT5MyU,https://www.youtube.com/watch?v=W9k13mT5MyU,train,4,1,entrevista tv

id000281,OF8IZVafIEY,https://www.youtube.com/watch?v=OF8IZVafIEY,train,1,1,entrevista tv
id000281,NRqvEm6EEqg,https://www.youtube.com/watch?v=NRqvEm6EEqg,train,2,1,entrevista tv
id000281,jX4a5McFF2A,https://www.youtube.com/watch?v=jX4a5McFF2A,train,3,1,entrevista tv   
id000281,t28M5Yt7yxY,https://www.youtube.com/watch?v=t28M5Yt7yxY,train,4,1,entrevista tv

id000282,8YqmSKb63Sg,https://www.youtube.com/watch?v=8YqmSKb63Sg,train,1,1,entrevista tv
id000282,cTHvyTDiktk,https://www.youtube.com/watch?v=cTHvyTDiktk,train,2,1,entrevista tv
id000282,Y_oVq4mLlMU,https://www.youtube.com/watch?v=Y_oVq4mLlMU,train,3,1,entrevista tv   
id000282,zD8ZzD0JLlU,https://www.youtube.com/watch?v=zD8ZzD0JLlU,train,4,1,entrevista tv

id000283,ZeI9gymPhhU,https://www.youtube.com/watch?v=ZeI9gymPhhU,train,1,1,entrevista tv
id000283,U5dVHdNq54E,https://www.youtube.com/watch?v=U5dVHdNq54E,train,2,1,entrevista tv
id000283,B5hqByBKH_E,https://www.youtube.com/watch?v=B5hqByBKH_E,train,3,1,entrevista tv   
id000283,HKeoMD0chOk,https://www.youtube.com/watch?v=HKeoMD0chOk,train,4,1,entrevista tv
id000283,V48hgaAxq_I,https://www.youtube.com/watch?v=V48hgaAxq_I,train,5,1,entrevista tv

id000284,JW-iFyZ68wY,https://www.youtube.com/watch?v=JW-iFyZ68wY,train,1,1,entrevista tv
id000284,NR0mYzu16IA,https://www.youtube.com/watch?v=NR0mYzu16IA,train,2,1,entrevista tv
id000284,7gYIst-LpZ0,https://www.youtube.com/watch?v=7gYIst-LpZ0,train,3,1,entrevista tv   
id000284,F-pcZ0ugSuw,https://www.youtube.com/watch?v=F-pcZ0ugSuw,train,4,1,entrevista tv

id000285,89IGFLkivx8,https://www.youtube.com/watch?v=89IGFLkivx8,train,1,1,entrevista tv
id000285,Z9L5siPDifA,https://www.youtube.com/watch?v=Z9L5siPDifA,train,2,1,entrevista tv
id000285,kOqFBP3ov8s,https://www.youtube.com/watch?v=kOqFBP3ov8s,train,3,1,entrevista tv   
id000285,Mcz703jMNxs,https://www.youtube.com/watch?v=Mcz703jMNxs,train,4,1,entrevista tv
id000285,y_dnjaN7FVg,https://www.youtube.com/watch?v=y_dnjaN7FVg,train,5,1,entrevista tv

id000286,emxzAXRShiU,https://www.youtube.com/watch?v=emxzAXRShiU,train,1,1,entrevista tv
id000286,6tkR4hKsEYg,https://www.youtube.com/watch?v=6tkR4hKsEYg,train,2,1,entrevista tv
id000286,iZ7AiyXDU9I,https://www.youtube.com/watch?v=iZ7AiyXDU9I,train,3,1,entrevista tv   
id000286,ns45bF9Sa5c,https://www.youtube.com/watch?v=ns45bF9Sa5c,train,4,1,entrevista tv

id000287,W2yCc47sKB4,https://www.youtube.com/watch?v=W2yCc47sKB4,train,1,1,entrevista tv
id000287,PYsCFjTWH58,https://www.youtube.com/watch?v=PYsCFjTWH58,train,2,1,entrevista tv
id000287,R-CPtOVidMU,https://www.youtube.com/watch?v=R-CPtOVidMU,train,3,1,entrevista tv   
id000287,P7W5Y35XKao,https://www.youtube.com/watch?v=P7W5Y35XKao,train,4,1,entrevista tv
id000287,yGTL38To7TE,https://www.youtube.com/watch?v=yGTL38To7TE,train,5,1,entrevista tv

id000288,88dTFnk-Vog,https://www.youtube.com/watch?v=88dTFnk-Vog,train,1,1,entrevista tv
id000288,GEqwggzlNoU,https://www.youtube.com/watch?v=GEqwggzlNoU,train,2,1,entrevista tv
id000288,rS4GvW1FZdQ,https://www.youtube.com/watch?v=rS4GvW1FZdQ,train,3,1,entrevista tv   
id000288,1X1is4fenZA,https://www.youtube.com/watch?v=1X1is4fenZA,train,4,1,entrevista tv

id000289,zPlHj7-k97Q,https://www.youtube.com/watch?v=zPlHj7-k97Q,train,1,1,entrevista tv
id000289,LDkbVG4l8zE,https://www.youtube.com/watch?v=LDkbVG4l8zE,train,2,1,entrevista tv
id000289,2wMVFHKR8zc,https://www.youtube.com/watch?v=2wMVFHKR8zc,train,3,1,entrevista tv   
id000289,CUYXIDcLSjg,https://www.youtube.com/watch?v=CUYXIDcLSjg,train,4,1,entrevista tv

id000290,i88wd6rReDk,https://www.youtube.com/watch?v=i88wd6rReDk,train,1,1,entrevista tv
id000290,EngASlslrRM,https://www.youtube.com/watch?v=EngASlslrRM,train,2,1,entrevista tv
id000290,wCPC-KQaVl8,https://www.youtube.com/watch?v=wCPC-KQaVl8,train,3,1,entrevista tv   
id000290,2kYIHhASHMQ,https://www.youtube.com/watch?v=2kYIHhASHMQ,train,4,1,entrevista tv

id000291,V5ZGOksb6Fg,https://www.youtube.com/watch?v=V5ZGOksb6Fg,train,1,1,entrevista tv
id000291,8MwNtuZ5_-Q,https://www.youtube.com/watch?v=8MwNtuZ5_-Q,train,2,1,entrevista tv
id000291,A2c6acXCOU8,https://www.youtube.com/watch?v=A2c6acXCOU8,train,3,1,entrevista tv   
id000291,S2f_KchI2ds,https://www.youtube.com/watch?v=S2f_KchI2ds,train,4,1,entrevista tv

id000292,Z2cm3GfLHmo,https://www.youtube.com/watch?v=Z2cm3GfLHmo,train,1,1,entrevista tv
id000292,uT0Zhx4QW94,https://www.youtube.com/watch?v=uT0Zhx4QW94,train,2,1,entrevista tv
id000292,Z9yRLbwudM4,https://www.youtube.com/watch?v=Z9yRLbwudM4,train,3,1,entrevista tv   
id000292,qFgVC1M3TGo,https://www.youtube.com/watch?v=qFgVC1M3TGo,train,4,1,entrevista tv

id000293,a8r7nVEJBQ0,https://www.youtube.com/watch?v=a8r7nVEJBQ0,train,1,1,entrevista tv
id000293,kNwuCOM2QmA,https://www.youtube.com/watch?v=kNwuCOM2QmA,train,2,1,entrevista tv
id000293,SnUcC9fDSu4,https://www.youtube.com/watch?v=SnUcC9fDSu4,train,3,1,entrevista tv   
id000293,7n9JFpitNq4,https://www.youtube.com/watch?v=7n9JFpitNq4,train,4,1,entrevista tv
id000293,VrQ7oytC98U,https://www.youtube.com/watch?v=VrQ7oytC98U,train,5,1,entrevista tv

id000294,P08lbeDdW_c,https://www.youtube.com/watch?v=P08lbeDdW_c,train,1,1,entrevista tv
id000294,v16AyMduAqI,https://www.youtube.com/watch?v=v16AyMduAqI,train,2,1,entrevista tv
id000294,zSDxkeaMIHc,https://www.youtube.com/watch?v=zSDxkeaMIHc,train,3,1,entrevista tv   
id000294,xYKuPvvNjUg,https://www.youtube.com/watch?v=xYKuPvvNjUg,train,4,1,entrevista tv

id000295,Uaszh1IuAEU,https://www.youtube.com/watch?v=Uaszh1IuAEU,train,1,1,entrevista tv
id000295,LRkTDxgkWE8,https://www.youtube.com/watch?v=LRkTDxgkWE8,train,2,1,entrevista tv
id000295,Z-NM_jzNLCk,https://www.youtube.com/watch?v=Z-NM_jzNLCk,train,3,1,entrevista tv   
id000295,uCmeoi-cksc,https://www.youtube.com/watch?v=uCmeoi-cksc,train,4,1,entrevista tv

id000296,GFNXu38TJK4,https://www.youtube.com/watch?v=GFNXu38TJK4,train,1,1,entrevista tv
id000296,Jjtb-zQ5DpE,https://www.youtube.com/watch?v=Jjtb-zQ5DpE,train,2,1,entrevista tv
id000296,0M_Dkbn2KJA,https://www.youtube.com/watch?v=0M_Dkbn2KJA,train,3,1,entrevista tv   
id000296,pPXPRG0V3j8,https://www.youtube.com/watch?v=pPXPRG0V3j8,train,4,1,entrevista tv

id000297,S5M3KUxZUQ8,https://www.youtube.com/watch?v=S5M3KUxZUQ8,train,1,1,entrevista tv
id000297,NghYofV1CeU,https://www.youtube.com/watch?v=NghYofV1CeU,train,2,1,entrevista tv
id000297,azmnpo-jVI4,https://www.youtube.com/watch?v=azmnpo-jVI4,train,3,1,entrevista tv   
id000297,onM5XzA65B8,https://www.youtube.com/watch?v=onM5XzA65B8,train,4,1,entrevista tv

id000298,sd-Kwvm9hag,https://www.youtube.com/watch?v=sd-Kwvm9hag,train,1,1,entrevista tv
id000298,wMlkwGcmNK8,https://www.youtube.com/watch?v=wMlkwGcmNK8,train,2,1,entrevista tv
id000298,DlElwZWDL5M,https://www.youtube.com/watch?v=DlElwZWDL5M,train,3,1,entrevista tv   
id000298,aCCclA4FwMc,https://www.youtube.com/watch?v=aCCclA4FwMc,train,4,1,entrevista tv
id000298,ANVzSf67WzY,https://www.youtube.com/watch?v=ANVzSf67WzY,train,5,1,entrevista tv

id000299,P6CspBX_DP0,https://www.youtube.com/watch?v=P6CspBX_DP0,train,1,1,entrevista tv
id000299,mCjAveUjyWY,https://www.youtube.com/watch?v=mCjAveUjyWY,train,2,1,entrevista tv
id000299,7yyAZxPFzAo,https://www.youtube.com/watch?v=7yyAZxPFzAo,train,3,1,entrevista tv   
id000299,nmmls-vjTyo,https://www.youtube.com/watch?v=nmmls-vjTyo,train,4,1,entrevista tv

id000300,SZxgIj_NAII,https://www.youtube.com/watch?v=SZxgIj_NAII,train,1,1,entrevista tv
id000300,eBSp3sGRdgk,https://www.youtube.com/watch?v=eBSp3sGRdgk,train,2,1,entrevista tv
id000300,1GE_rHJv3MY,https://www.youtube.com/watch?v=1GE_rHJv3MY,train,3,1,entrevista tv   
id000300,m28bTraKJkg,https://www.youtube.com/watch?v=m28bTraKJkg,train,4,1,entrevista tv

id000301,UhnSsLX69uM,https://www.youtube.com/watch?v=UhnSsLX69uM,train,1,1,entrevista tv
id000301,y6N-Pav9bUU,https://www.youtube.com/watch?v=y6N-Pav9bUU,train,2,1,entrevista tv
id000301,WktF8hRAomY,https://www.youtube.com/watch?v=WktF8hRAomY,train,3,1,entrevista tv   
id000301,UdnMZGmp0E8,https://www.youtube.com/watch?v=UdnMZGmp0E8,train,4,1,entrevista tv

id000302,7eN4SAC30V4,https://www.youtube.com/watch?v=7eN4SAC30V4,train,1,1,entrevista tv
id000302,BYjiyJbgkZU,https://www.youtube.com/watch?v=BYjiyJbgkZU,train,2,1,entrevista tv
id000302,0hbIpo2cB6U,https://www.youtube.com/watch?v=0hbIpo2cB6U,train,3,1,entrevista tv   
id000302,AMfssf8l6ow,https://www.youtube.com/watch?v=AMfssf8l6ow,train,4,1,entrevista tv

id000303,CycgpNDqCv4,https://www.youtube.com/watch?v=CycgpNDqCv4,train,1,1,entrevista tv
id000303,l6Bs7NS2SQg,https://www.youtube.com/watch?v=l6Bs7NS2SQg,train,2,1,entrevista tv
id000303,B9rVGpO1XMA,https://www.youtube.com/watch?v=B9rVGpO1XMA,train,3,1,entrevista tv   
id000303,u06w9lUqh8A,https://www.youtube.com/watch?v=u06w9lUqh8A,train,4,1,entrevista tv
id000303,lPltqify6Z4,https://www.youtube.com/watch?v=lPltqify6Z4,train,5,1,entrevista tv

id000304,938-d-wE6qc,https://www.youtube.com/watch?v=938-d-wE6qc,train,1,1,entrevista tv
id000304,pNqp1R7FdqM,https://www.youtube.com/watch?v=pNqp1R7FdqM,train,2,1,entrevista tv
id000304,ndOMnEB0aNs,https://www.youtube.com/watch?v=ndOMnEB0aNs,train,3,1,entrevista tv   
id000304,YG66s5dAwHw,https://www.youtube.com/watch?v=YG66s5dAwHw,train,4,1,entrevista tv

id000305,m7D2o4fGX90,https://www.youtube.com/watch?v=m7D2o4fGX90,train,1,1,entrevista tv
id000305,1i15-GQpGik,https://www.youtube.com/watch?v=1i15-GQpGik,train,2,1,entrevista tv
id000305,C-Y6kuX3_p0,https://www.youtube.com/watch?v=C-Y6kuX3_p0,train,3,1,entrevista tv   
id000305,3YoQZ3LVgrk,https://www.youtube.com/watch?v=3YoQZ3LVgrk,train,4,1,entrevista tv
id000305,qke9Q6hCS-Q,https://www.youtube.com/watch?v=qke9Q6hCS-Q,train,5,1,entrevista tv

id000306,bCAZvZrciTw,https://www.youtube.com/watch?v=bCAZvZrciTw,train,1,1,entrevista tv
id000306,JePaAQGbMU8,https://www.youtube.com/watch?v=JePaAQGbMU8,train,2,1,entrevista tv
id000306,8ivoX03UZwM,https://www.youtube.com/watch?v=8ivoX03UZwM,train,3,1,entrevista tv   
id000306,WOGwYvtFSzc,https://www.youtube.com/watch?v=WOGwYvtFSzc,train,4,1,entrevista tv
id000306,wGHGB1JljdY,https://www.youtube.com/watch?v=wGHGB1JljdY,train,5,1,entrevista tv

id000307,K81ilezr8dw,https://www.youtube.com/watch?v=K81ilezr8dw,train,1,1,entrevista tv
id000307,sxkKHSfVgo4,https://www.youtube.com/watch?v=sxkKHSfVgo4,train,2,1,entrevista tv
id000307,T4Q01TXARVg,https://www.youtube.com/watch?v=T4Q01TXARVg,train,3,1,entrevista tv   
id000307,IJJiGCocxSw,https://www.youtube.com/watch?v=IJJiGCocxSw,train,4,1,entrevista tv

id000308,yvZmYuhlbOc,https://www.youtube.com/watch?v=yvZmYuhlbOc,train,1,1,entrevista tv
id000308,OtTc1qQ9F-8,https://www.youtube.com/watch?v=OtTc1qQ9F-8,train,2,1,entrevista tv
id000308,cOwZUWCDsn0,https://www.youtube.com/watch?v=cOwZUWCDsn0,train,3,1,entrevista tv   
id000308,EhCInKhQ0_E,https://www.youtube.com/watch?v=EhCInKhQ0_E,train,4,1,entrevista tv
id000308,wOf2sX6MjxE,https://www.youtube.com/watch?v=wOf2sX6MjxE,train,5,1,entrevista tv

id000309,5gdFQ88DuIg,https://www.youtube.com/watch?v=5gdFQ88DuIg,train,1,1,entrevista tv
id000309,u3XgFQy4XzY,https://www.youtube.com/watch?v=u3XgFQy4XzY,train,2,1,entrevista tv
id000309,xwAih0JxbGM,https://www.youtube.com/watch?v=xwAih0JxbGM,train,3,1,entrevista tv   
id000309,95o7Rri46cI,https://www.youtube.com/watch?v=95o7Rri46cI,train,4,1,entrevista tv

id000310,sCPfaKslgVc,https://www.youtube.com/watch?v=sCPfaKslgVc,train,1,1,entrevista tv
id000310,Hq0-mz_FUyQ,https://www.youtube.com/watch?v=Hq0-mz_FUyQ,train,2,1,entrevista tv
id000310,vVvuwjHCDuo,https://www.youtube.com/watch?v=vVvuwjHCDuo,train,3,1,entrevista tv   
id000310,K4fauRH20IA,https://www.youtube.com/watch?v=K4fauRH20IA,train,4,1,entrevista tv

id000311,1pR629lQmfE,https://www.youtube.com/watch?v=1pR629lQmfE,train,1,1,entrevista tv
id000311,sIXOGIJ4-Hk,https://www.youtube.com/watch?v=sIXOGIJ4-Hk,train,2,1,entrevista tv
id000311,TRSEteDEHfs,https://www.youtube.com/watch?v=TRSEteDEHfs,train,3,1,entrevista tv   
id000311,z9rCnGO-e68,https://www.youtube.com/watch?v=z9rCnGO-e68,train,4,1,entrevista tv

id000312,FQ1S_TSiHE0,https://www.youtube.com/watch?v=FQ1S_TSiHE0,train,1,1,entrevista tv
id000312,3exaBGrMZDk,https://www.youtube.com/watch?v=3exaBGrMZDk,train,2,1,entrevista tv
id000312,4XfGjNaV00Q,https://www.youtube.com/watch?v=4XfGjNaV00Q,train,3,1,entrevista tv   
id000312,Ddcw3U0MF8U,https://www.youtube.com/watch?v=Ddcw3U0MF8U,train,4,1,entrevista tv
id000312,RG9eKStiqVo,https://www.youtube.com/watch?v=RG9eKStiqVo,train,5,1,entrevista tv

id000313,55TtCxSnzUg,https://www.youtube.com/watch?v=55TtCxSnzUg,train,1,1,entrevista tv
id000313,Qp8oxh2zSmE,https://www.youtube.com/watch?v=Qp8oxh2zSmE,train,2,1,entrevista tv
id000313,fj3Rg1ttKLI,https://www.youtube.com/watch?v=fj3Rg1ttKLI,train,3,1,entrevista tv   
id000313,jynwi3Q5v-A,https://www.youtube.com/watch?v=jynwi3Q5v-A,train,4,1,entrevista tv

id000314,jIVUFJFeu0o,https://www.youtube.com/watch?v=jIVUFJFeu0o,train,1,1,entrevista tv
id000314,vyGi8g_dUIM,https://www.youtube.com/watch?v=vyGi8g_dUIM,train,2,1,entrevista tv
id000314,qeYX8mHFW_g,https://www.youtube.com/watch?v=qeYX8mHFW_g,train,3,1,entrevista tv   
id000314,h2Rr0SJ31M0,https://www.youtube.com/watch?v=h2Rr0SJ31M0,train,4,1,entrevista tv
id000314,EvJ8Q7t8nYg,https://www.youtube.com/watch?v=EvJ8Q7t8nYg,train,5,1,entrevista tv

id000315,vZPZed0zuO0,https://www.youtube.com/watch?v=vZPZed0zuO0,train,1,1,entrevista tv
id000315,E2I3dEqIkac,https://www.youtube.com/watch?v=E2I3dEqIkac,train,2,1,entrevista tv
id000315,aafoZ-DM7Xo,https://www.youtube.com/watch?v=aafoZ-DM7Xo,train,3,1,entrevista tv   
id000315,KVAIOlndmno,https://www.youtube.com/watch?v=KVAIOlndmno,train,4,1,entrevista tv

id000316,Qa5dOuSsfc0,https://www.youtube.com/watch?v=Qa5dOuSsfc0,train,1,1,entrevista tv
id000316,Gagdj65lTk4,https://www.youtube.com/watch?v=Gagdj65lTk4,train,2,1,entrevista tv
id000316,opfYo8gist0,https://www.youtube.com/watch?v=opfYo8gist0,train,3,1,entrevista tv   
id000316,Sq5ZTqQQd0M,https://www.youtube.com/watch?v=Sq5ZTqQQd0M,train,4,1,entrevista tv

id000317,BkvMslp5nEk,https://www.youtube.com/watch?v=BkvMslp5nEk,train,1,1,entrevista tv
id000317,B8IWNUOVAIA,https://www.youtube.com/watch?v=B8IWNUOVAIA,train,2,1,entrevista tv
id000317,15iTbv9FuNk,https://www.youtube.com/watch?v=15iTbv9FuNk,train,3,1,entrevista tv   
id000317,nKiGcpW-5cI,https://www.youtube.com/watch?v=nKiGcpW-5cI,train,4,1,entrevista tv
id000317,1zWE27ajJ04,https://www.youtube.com/watch?v=1zWE27ajJ04,train,5,1,entrevista tv   

id000318,SVfdBblt_5Y,https://www.youtube.com/watch?v=SVfdBblt_5Y,train,1,1,entrevista tv
id000318,VjhTg4Zm0vw,https://www.youtube.com/watch?v=VjhTg4Zm0vw,train,2,1,entrevista tv
id000318,DbpPWGAUBbQ,https://www.youtube.com/watch?v=DbpPWGAUBbQ,train,3,1,entrevista tv   
id000318,P9911xzL4QY,https://www.youtube.com/watch?v=P9911xzL4QY,train,4,1,entrevista tv
id000318,ioC1_tzNXp0,https://www.youtube.com/watch?v=ioC1_tzNXp0,train,5,1,entrevista tv

id000319,o2nKjf-mYvc,https://www.youtube.com/watch?v=o2nKjf-mYvc,train,1,1,entrevista tv
id000319,SVYOWeaujAQ,https://www.youtube.com/watch?v=SVYOWeaujAQ,train,2,1,entrevista tv
id000319,ucwLytEGNdE,https://www.youtube.com/watch?v=ucwLytEGNdE,train,3,1,entrevista tv   
id000319,hIFs_MIR16A,https://www.youtube.com/watch?v=hIFs_MIR16A,train,4,1,entrevista tv
id000319,B7q14WBnEJI,https://www.youtube.com/watch?v=B7q14WBnEJI,train,5,1,entrevista tv
id000319,jxu87BB5ihE,https://www.youtube.com/watch?v=jxu87BB5ihE,train,6,1,entrevista tv

id000320,dOBCGDsRTk4,https://www.youtube.com/watch?v=dOBCGDsRTk4,train,1,1,entrevista tv
id000320,9r5INtt7V30,https://www.youtube.com/watch?v=9r5INtt7V30,train,2,1,entrevista tv
id000320,qdRpx5T0GtQ,https://www.youtube.com/watch?v=qdRpx5T0GtQ,train,3,1,entrevista tv   
id000320,WSqJrhzWb_s,https://www.youtube.com/watch?v=WSqJrhzWb_s,train,4,1,entrevista tvç
id000320,N3a3V5VpSyU,https://www.youtube.com/watch?v=N3a3V5VpSyU,train,5,1,entrevista tv

id000321,etQc0v4lDpo,https://www.youtube.com/watch?v=etQc0v4lDpo,train,1,1,entrevista tv
id000321,mXGUwg9lHnQ,https://www.youtube.com/watch?v=mXGUwg9lHnQ,train,2,1,entrevista tv
id000321,8Nkdsx4j6iw,https://www.youtube.com/watch?v=8Nkdsx4j6iw,train,3,1,entrevista tv   
id000321,F-9keMJJO9I,https://www.youtube.com/watch?v=F-9keMJJO9I,train,4,1,entrevista tv

id000322,-tSor3nvGq4,https://www.youtube.com/watch?v=-tSor3nvGq4,train,1,1,entrevista tv
id000322,tODZEA3qxhg,https://www.youtube.com/watch?v=tODZEA3qxhg,train,2,1,entrevista tv
id000322,7fCcFvENZjE,https://www.youtube.com/watch?v=7fCcFvENZjE,train,3,1,entrevista tv   
id000322,AvyRLz_wBmw,https://www.youtube.com/watch?v=AvyRLz_wBmw,train,4,1,entrevista tv
id000322,28m1TPtf3Rk,https://www.youtube.com/watch?v=28m1TPtf3Rk,train,5,1,entrevista tv

id000323,y0VyaqTBHtI,https://www.youtube.com/watch?v=y0VyaqTBHtI,train,1,1,entrevista tv
id000323,D-Krh2GDiqs,https://www.youtube.com/watch?v=D-Krh2GDiqs,train,2,1,entrevista tv
id000323,Efqwskz4xKA,https://www.youtube.com/watch?v=Efqwskz4xKA,train,3,1,entrevista tv   
id000323,_IDi1ve8Ruc,https://www.youtube.com/watch?v=_IDi1ve8Ruc,train,4,1,entrevista tv

id000324,lFIF6OvmqRM,https://www.youtube.com/watch?v=lFIF6OvmqRM,train,1,1,entrevista tv
id000324,phND2L-cr6M,https://www.youtube.com/watch?v=phND2L-cr6M,train,2,1,entrevista tv
id000324,WVmiWfyL1X4,https://www.youtube.com/watch?v=WVmiWfyL1X4,train,3,1,entrevista tv   
id000324,caCUnfaAiLk,https://www.youtube.com/watch?v=caCUnfaAiLk,train,4,1,entrevista tv

id000325,S3q0D_glsHk,https://www.youtube.com/watch?v=S3q0D_glsHk,train,1,1,entrevista tv
id000325,WQfGKXNnhIs,https://www.youtube.com/watch?v=WQfGKXNnhIs,train,2,1,entrevista tv
id000325,MiYc70lSo3M,https://www.youtube.com/watch?v=MiYc70lSo3M,train,3,1,entrevista tv   
id000325,G5apq-eCU3w,https://www.youtube.com/watch?v=G5apq-eCU3w,train,4,1,entrevista tv

id000326,57BPZoKRwLc,https://www.youtube.com/watch?v=57BPZoKRwLc,train,1,1,entrevista tv
id000326,g7MVozmunKE,https://www.youtube.com/watch?v=g7MVozmunKE,train,2,1,entrevista tv
id000326,HNjM-d0MAwA,https://www.youtube.com/watch?v=HNjM-d0MAwA,train,3,1,entrevista tv   
id000326,HeBr_svGR_o,https://www.youtube.com/watch?v=HeBr_svGR_o,train,4,1,entrevista tv

id000327,L1o9I1sl6hA,https://www.youtube.com/watch?v=L1o9I1sl6hA,train,1,1,entrevista tv
id000327,zrqsiHeWSSI,https://www.youtube.com/watch?v=zrqsiHeWSSI,train,2,1,entrevista tv
id000327,Nla6Y621hTo,https://www.youtube.com/watch?v=Nla6Y621hTo,train,3,1,entrevista tv   
id000327,i5cfmrZqlkc,https://www.youtube.com/watch?v=i5cfmrZqlkc,train,4,1,entrevista tv
id000327,tVrTYVRKJWA,https://www.youtube.com/watch?v=tVrTYVRKJWA,train,5,1,entrevista tv

id000328,-qTyH9-XLxg,https://www.youtube.com/watch?v=-qTyH9-XLxg,train,1,1,entrevista tv
id000328,kxvVJINBrpo,https://www.youtube.com/watch?v=kxvVJINBrpo,train,2,1,entrevista tv
id000328,AG4BK0ma1Gc,https://www.youtube.com/watch?v=AG4BK0ma1Gc,train,3,1,entrevista tv   
id000328,letupmjZQAE,https://www.youtube.com/watch?v=letupmjZQAE,train,4,1,entrevista tv
id000328,9XGlAUS-yKg,https://www.youtube.com/watch?v=9XGlAUS-yKg,train,5,1,entrevista tv
id000328,LyVPslFpVl4,https://www.youtube.com/watch?v=LyVPslFpVl4,train,6,1,entrevista tv

id000329,f_VAgZ22lRk,https://www.youtube.com/watch?v=f_VAgZ22lRk,train,1,1,entrevista tv
id000329,OfC4B5cqWKk,https://www.youtube.com/watch?v=OfC4B5cqWKk,train,2,1,entrevista tv
id000329,szoCd3STty4,https://www.youtube.com/watch?v=szoCd3STty4,train,3,1,entrevista tv   
id000329,gvAELBrt7II,https://www.youtube.com/watch?v=gvAELBrt7II,train,4,1,entrevista tv

id000330,pQovD99BwUw,https://www.youtube.com/watch?v=pQovD99BwUw,train,1,1,entrevista tv
id000330,9kc9eOGvmgI,https://www.youtube.com/watch?v=9kc9eOGvmgI,train,2,1,entrevista tv
id000330,0G9-yeq8NSc,https://www.youtube.com/watch?v=0G9-yeq8NSc,train,3,1,entrevista tv   
id000330,k-n_PfhOwJs,https://www.youtube.com/watch?v=k-n_PfhOwJs,train,4,1,entrevista tv

id000331,SlMHgCxXQic,https://www.youtube.com/watch?v=SlMHgCxXQic,train,1,1,entrevista tv
id000331,37HnWTqj0Eo,https://www.youtube.com/watch?v=37HnWTqj0Eo,train,2,1,entrevista tv
id000331,_ei_op0e-Gc,https://www.youtube.com/watch?v=_ei_op0e-Gc,train,3,1,entrevista tv   
id000331,qloLzfDnwK8,https://www.youtube.com/watch?v=qloLzfDnwK8,train,4,1,entrevista tv
id000331,TwqBsjeM5S8,https://www.youtube.com/watch?v=TwqBsjeM5S8,train,5,1,entrevista tv

id000332,xI4k-SFFyIM,https://www.youtube.com/watch?v=xI4k-SFFyIM,train,1,1,entrevista tv
id000332,nexZqJQSuqM,https://www.youtube.com/watch?v=nexZqJQSuqM,train,2,1,entrevista tv
id000332,jBUDkIQfbNM,https://www.youtube.com/watch?v=jBUDkIQfbNM,train,3,1,entrevista tv   
id000332,Nux2n3TQqos,https://www.youtube.com/watch?v=Nux2n3TQqos,train,4,1,entrevista tv

id000333,vUqqnITFUz8,https://www.youtube.com/watch?v=vUqqnITFUz8,train,1,1,entrevista tv
id000333,FPrYh032Mpk,https://www.youtube.com/watch?v=FPrYh032Mpk,train,2,1,entrevista tv
id000333,0Z3tuE68MqY,https://www.youtube.com/watch?v=0Z3tuE68MqY,train,3,1,entrevista tv   
id000333,mvO3kaoVj4w,https://www.youtube.com/watch?v=mvO3kaoVj4w,train,4,1,entrevista tv

id000334,Z4ABN2_9s9E,https://www.youtube.com/watch?v=Z4ABN2_9s9E,train,1,1,entrevista tv
id000334,mcPJLi205Xw,https://www.youtube.com/watch?v=mcPJLi205Xw,train,2,1,entrevista tv
id000334,JM3BJcBeB7I,https://www.youtube.com/watch?v=JM3BJcBeB7I,train,3,1,entrevista tv   
id000334,FYdxMh0qePo,https://www.youtube.com/watch?v=FYdxMh0qePo,train,4,1,entrevista tv

id000335,yRhIqZyl-YM,https://www.youtube.com/watch?v=yRhIqZyl-YM,train,1,1,entrevista tv
id000335,jZ0bRIEbr8A,https://www.youtube.com/watch?v=jZ0bRIEbr8A,train,2,1,entrevista tv
id000335,CCu58RvdNwc,https://www.youtube.com/watch?v=CCu58RvdNwc,train,3,1,entrevista tv   
id000335,Jpn2pDwycg0,https://www.youtube.com/watch?v=Jpn2pDwycg0,train,4,1,entrevista tv
id000335,heBIqBIQUqo,https://www.youtube.com/watch?v=heBIqBIQUqo,train,5,1,entrevista tv

id000336,P6EXU9HMF5w,https://www.youtube.com/watch?v=P6EXU9HMF5w,train,1,1,entrevista tv
id000336,wzyoAzdjKls,https://www.youtube.com/watch?v=wzyoAzdjKls,train,2,1,entrevista tv
id000336,b78VIMeocXE,https://www.youtube.com/watch?v=b78VIMeocXE,train,3,1,entrevista tv   
id000336,QVshNVusq90,https://www.youtube.com/watch?v=QVshNVusq90,train,4,1,entrevista tv

id000337,pnXu702s_Wo,https://www.youtube.com/watch?v=pnXu702s_Wo,train,1,1,entrevista tv
id000337,whog8U2N2P0,https://www.youtube.com/watch?v=whog8U2N2P0,train,2,1,entrevista tv
id000337,XPeVueu5Inc,https://www.youtube.com/watch?v=XPeVueu5Inc,train,3,1,entrevista tv   
id000337,_zNwrpYJ1J8,https://www.youtube.com/watch?v=_zNwrpYJ1J8,train,4,1,entrevista tv

id000338,EHaGAjtK458,https://www.youtube.com/watch?v=EHaGAjtK458,train,1,1,entrevista tv
id000338,xxpefee1Xv4,https://www.youtube.com/watch?v=xxpefee1Xv4,train,2,1,entrevista tv
id000338,OW9QkzVlAEg,https://www.youtube.com/watch?v=OW9QkzVlAEg,train,3,1,entrevista tv   
id000338,0VPE2rKOMFo,https://www.youtube.com/watch?v=0VPE2rKOMFo,train,4,1,entrevista tv

id000339,k6KpeXldSi0,https://www.youtube.com/watch?v=k6KpeXldSi0,train,1,1,entrevista tv
id000339,cqSNogCwU8w,https://www.youtube.com/watch?v=cqSNogCwU8w,train,2,1,entrevista tv
id000339,CxqG6NHymzc,https://www.youtube.com/watch?v=CxqG6NHymzc,train,3,1,entrevista tv   
id000339,3kc0jnHpofA,https://www.youtube.com/watch?v=3kc0jnHpofA,train,4,1,entrevista tv
id000339,Rxy_DmrnKjs,https://www.youtube.com/watch?v=Rxy_DmrnKjs,train,4,1,entrevista tv

id000340,_YY2QyLCrMU,https://www.youtube.com/watch?v=_YY2QyLCrMU,train,1,1,entrevista tv
id000340,cpNxoln0sLI,https://www.youtube.com/watch?v=cpNxoln0sLI,train,2,1,entrevista tv
id000340,WehqlmoyJmE,https://www.youtube.com/watch?v=WehqlmoyJmE,train,3,1,entrevista tv   
id000340,-KMswG2qV0U,https://www.youtube.com/watch?v=-KMswG2qV0U,train,4,1,entrevista tv

id000341,QZX95FOQdCc,https://www.youtube.com/watch?v=QZX95FOQdCc,train,1,1,entrevista tv
id000341,Munwn5xxElI,https://www.youtube.com/watch?v=Munwn5xxElI,train,2,1,entrevista tv
id000341,MJUqfpwg81c,https://www.youtube.com/watch?v=MJUqfpwg81c,train,3,1,entrevista tv   
id000341,2gEdLX0YGQg,https://www.youtube.com/watch?v=2gEdLX0YGQg,train,4,1,entrevista tv

id000342,9mVsJV-5Ppg,https://www.youtube.com/watch?v=9mVsJV-5Ppg,train,1,1,entrevista tv
id000342,Vdijz398H90,https://www.youtube.com/watch?v=Vdijz398H90,train,2,1,entrevista tv
id000342,emjvcDtjbag,https://www.youtube.com/watch?v=emjvcDtjbag,train,3,1,entrevista tv   
id000342,f2_pI2tvzxk,https://www.youtube.com/watch?v=f2_pI2tvzxk,train,4,1,entrevista tv

id000343,cUVOc1VJQ5w,https://www.youtube.com/watch?v=cUVOc1VJQ5w,train,1,1,entrevista tv
id000343,7VB4UVESNOM,https://www.youtube.com/watch?v=7VB4UVESNOM,train,2,1,entrevista tv
id000343,v7Lvg6Gr2wc,https://www.youtube.com/watch?v=v7Lvg6Gr2wc,train,3,1,entrevista tv   
id000343,AZYRqi17u1A,https://www.youtube.com/watch?v=AZYRqi17u1A,train,4,1,entrevista tv
id000343,uRDkKdDo8yI,https://www.youtube.com/watch?v=uRDkKdDo8yI,train,5,1,entrevista tv

id000344,TF3NoHcLeK4,https://www.youtube.com/watch?v=TF3NoHcLeK4,train,1,1,entrevista tv
id000344,ie7f1-eLpkI,https://www.youtube.com/watch?v=ie7f1-eLpkI,train,2,1,entrevista tv
id000344,xF-UwIfPR7Q,https://www.youtube.com/watch?v=xF-UwIfPR7Q,train,3,1,entrevista tv   
id000344,tl6-f-J-9lU,https://www.youtube.com/watch?v=tl6-f-J-9lU,train,4,1,entrevista tv

id000345,4pC_gILRwkA,https://www.youtube.com/watch?v=4pC_gILRwkA,train,1,1,entrevista tv
id000345,oRlNZ0L3Apo,https://www.youtube.com/watch?v=oRlNZ0L3Apo,train,2,1,entrevista tv
id000345,_XwqAh3zQBs,https://www.youtube.com/watch?v=_XwqAh3zQBs,train,3,1,entrevista tv   
id000345,8Bsvkc_E1H0,https://www.youtube.com/watch?v=8Bsvkc_E1H0,train,4,1,entrevista tv
id000345,C-6PxjfchwQ,https://www.youtube.com/watch?v=C-6PxjfchwQ,train,5,1,entrevista tv

id000346,l7cYYerkuAk,https://www.youtube.com/watch?v=l7cYYerkuAk,train,1,1,entrevista tv
id000346,spXeBN1U_no,https://www.youtube.com/watch?v=spXeBN1U_no,train,2,1,entrevista tv
id000346,4B0QUNpcon8,https://www.youtube.com/watch?v=4B0QUNpcon8,train,3,1,entrevista tv   
id000346,7txmtaDYRPM,https://www.youtube.com/watch?v=7txmtaDYRPM,train,4,1,entrevista tv
id000346,o718_THfyBI,https://www.youtube.com/watch?v=o718_THfyBI,train,5,1,entrevista tv

id000347,YYwBX5upbqE,https://www.youtube.com/watch?v=YYwBX5upbqE,train,1,1,entrevista tv
id000347,eKTaTeeTCiE,https://www.youtube.com/watch?v=eKTaTeeTCiE,train,2,1,entrevista tv
id000347,1mYulCugjR0,https://www.youtube.com/watch?v=1mYulCugjR0,train,3,1,entrevista tv   
id000347,MXS-55ZaWnE,https://www.youtube.com/watch?v=MXS-55ZaWnE,train,4,1,entrevista tv

id000348,cczjJUjqx48,https://www.youtube.com/watch?v=cczjJUjqx48,train,1,1,entrevista tv
id000348,Y2JlFK-jSe4,https://www.youtube.com/watch?v=Y2JlFK-jSe4,train,2,1,entrevista tv
id000348,JCcQMGC1oRE,https://www.youtube.com/watch?v=JCcQMGC1oRE,train,3,1,entrevista tv   
id000348,1wCvMTcBFM8,https://www.youtube.com/watch?v=1wCvMTcBFM8,train,4,1,entrevista tv
id000348,z4r3i7pmHD0,https://www.youtube.com/watch?v=z4r3i7pmHD0,train,5,1,entrevista tv

id000349,n7_NNoT-Hc0,https://www.youtube.com/watch?v=n7_NNoT-Hc0,train,1,1,entrevista tv
id000349,8vEqnUFENA4,https://www.youtube.com/watch?v=8vEqnUFENA4,train,2,1,entrevista tv
id000349,ET0bz6adom4,https://www.youtube.com/watch?v=ET0bz6adom4,train,3,1,entrevista tv   
id000349,Kd2RdD-5t2Y,https://www.youtube.com/watch?v=Kd2RdD-5t2Y,train,4,1,entrevista tv

id000350,AvhRDPc-2kk,https://www.youtube.com/watch?v=AvhRDPc-2kk,train,1,1,entrevista tv
id000350,1ZRwrcDUR_M,https://www.youtube.com/watch?v=1ZRwrcDUR_M,train,2,1,entrevista tv
id000350,3VEeehi3nX0,https://www.youtube.com/watch?v=3VEeehi3nX0,train,3,1,entrevista tv   
id000350,_l9I9uJr-oI,https://www.youtube.com/watch?v=_l9I9uJr-oI,train,4,1,entrevista tv
id000350,H2wOT6JNMno,https://www.youtube.com/watch?v=H2wOT6JNMno,train,5,1,entrevista tv

id000351,28e_Lsjhdvg,https://www.youtube.com/watch?v=28e_Lsjhdvg,train,1,1,entrevista tv
id000351,cpXm08Mc4l4,https://www.youtube.com/watch?v=cpXm08Mc4l4,train,2,1,entrevista tv
id000351,bMjZzt_ULwM,https://www.youtube.com/watch?v=bMjZzt_ULwM,train,3,1,entrevista tv   
id000351,GuSktrrTkv0,https://www.youtube.com/watch?v=GuSktrrTkv0,train,4,1,entrevista tv

id000352,sV-7_wUHhgs,https://www.youtube.com/watch?v=sV-7_wUHhgs,train,1,1,entrevista tv
id000352,OEqAWCME4yk,https://www.youtube.com/watch?v=OEqAWCME4yk,train,2,1,entrevista tv
id000352,5R_ItC1mQ3U,https://www.youtube.com/watch?v=5R_ItC1mQ3U,train,3,1,entrevista tv   
id000352,ZKWpWr7GcKU,https://www.youtube.com/watch?v=ZKWpWr7GcKU,train,4,1,entrevista tv
id000352,-v9IpiwHkmA,https://www.youtube.com/watch?v=-v9IpiwHkmA,train,5,1,entrevista tv

id000353,0jiw5CeJ4mM,https://www.youtube.com/watch?v=0jiw5CeJ4mM,train,1,1,entrevista tv
id000353,Nv7VoRf4i-k,https://www.youtube.com/watch?v=Nv7VoRf4i-k,train,2,1,entrevista tv
id000353,XpeBanh8BXI,https://www.youtube.com/watch?v=XpeBanh8BXI,train,3,1,entrevista tv   
id000353,FH9YaIi6XLY,https://www.youtube.com/watch?v=FH9YaIi6XLY,train,4,1,entrevista tv
id000353,Rb7vHg0RN1k,https://www.youtube.com/watch?v=Rb7vHg0RN1k,train,5,1,entrevista tv
id000353,rXzHszVXu1U,https://www.youtube.com/watch?v=rXzHszVXu1U,train,6,1,entrevista tv

id000354,DkOThkMloaQ,https://www.youtube.com/watch?v=DkOThkMloaQ,train,1,1,entrevista tv
id000354,psUOZVznKgU,https://www.youtube.com/watch?v=psUOZVznKgU,train,2,1,entrevista tv
id000354,ijMBcOt3H2c,https://www.youtube.com/watch?v=ijMBcOt3H2c,train,3,1,entrevista tv   
id000354,FmkoahZQ43I,https://www.youtube.com/watch?v=FmkoahZQ43I,train,4,1,entrevista tv

id000355,Ubp7bXMd-90,https://www.youtube.com/watch?v=Ubp7bXMd-90,train,1,1,entrevista tv
id000355,1rnLoSIH7ww,https://www.youtube.com/watch?v=1rnLoSIH7ww,train,2,1,entrevista tv
id000355,GSakLG3Sb-8,https://www.youtube.com/watch?v=GSakLG3Sb-8,train,3,1,entrevista tv   
id000355,eAVEPO7aihA,https://www.youtube.com/watch?v=eAVEPO7aihA,train,4,1,entrevista tv

id000356,3RwS5TulLgI,https://www.youtube.com/watch?v=3RwS5TulLgI,train,1,1,entrevista tv
id000356,nw0Yj15ETGY,https://www.youtube.com/watch?v=nw0Yj15ETGY,train,2,1,entrevista tv
id000356,Noy05rBd9Lk,https://www.youtube.com/watch?v=Noy05rBd9Lk,train,3,1,entrevista tv   
id000356,CI2JYqlEIuQ,https://www.youtube.com/watch?v=CI2JYqlEIuQ,train,4,1,entrevista tv

id000357,T5E4LBVhwdo,https://www.youtube.com/watch?v=T5E4LBVhwdo,train,1,1,entrevista tv
id000357,Bt8GfMqYZ_0,https://www.youtube.com/watch?v=Bt8GfMqYZ_0,train,2,1,entrevista tv
id000357,1FY72vPF00Y,https://www.youtube.com/watch?v=1FY72vPF00Y,train,3,1,entrevista tv   
id000357,EvIYY_pp_OY,https://www.youtube.com/watch?v=EvIYY_pp_OY,train,4,1,entrevista tv

id000358,g9eqLONM7Cw,https://www.youtube.com/watch?v=g9eqLONM7Cw,train,1,1,entrevista tv
id000358,Q0XyomLhNsk,https://www.youtube.com/watch?v=Q0XyomLhNsk,train,2,1,entrevista tv
id000358,qmMojHo96Ck,https://www.youtube.com/watch?v=qmMojHo96Ck,train,3,1,entrevista tv   
id000358,eYq2GqNlKng,https://www.youtube.com/watch?v=eYq2GqNlKng,train,4,1,entrevista tv

id000359,L4tbkRDftCU,https://www.youtube.com/watch?v=L4tbkRDftCU,train,1,1,entrevista tv
id000359,G_Cib6XQRbA,https://www.youtube.com/watch?v=G_Cib6XQRbA,train,2,1,entrevista tv
id000359,U9RbE22vYKA,https://www.youtube.com/watch?v=U9RbE22vYKA,train,3,1,entrevista tv   
id000359,kwcVusE1tc8,https://www.youtube.com/watch?v=kwcVusE1tc8,train,4,1,entrevista tv

id000360,4Fy1pGFVo58,https://www.youtube.com/watch?v=4Fy1pGFVo58,train,1,1,entrevista tv
id000360,neQzMTxWJCQ,https://www.youtube.com/watch?v=neQzMTxWJCQ,train,2,1,entrevista tv
id000360,s34C-wt9xBU,https://www.youtube.com/watch?v=s34C-wt9xBU,train,3,1,entrevista tv   
id000360,OCwwYiXB_eY,https://www.youtube.com/watch?v=OCwwYiXB_eY,train,4,1,entrevista tv

id000361,3KWGdWBgrhk,https://www.youtube.com/watch?v=3KWGdWBgrhk,train,1,1,entrevista tv
id000361,PtbAMA1tE0s,https://www.youtube.com/watch?v=PtbAMA1tE0s,train,2,1,entrevista tv
id000361,AGN16EexjrQ,https://www.youtube.com/watch?v=AGN16EexjrQ,train,3,1,entrevista tv   
id000361,s4P-DIlhmVs,https://www.youtube.com/watch?v=s4P-DIlhmVs,train,4,1,entrevista tv

id000362,q_RQSXReT08,https://www.youtube.com/watch?v=q_RQSXReT08,train,1,1,entrevista tv
id000362,1Ry8KRGbl1I,https://www.youtube.com/watch?v=1Ry8KRGbl1I,train,2,1,entrevista tv
id000362,ZZtI58hptaE,https://www.youtube.com/watch?v=ZZtI58hptaE,train,3,1,entrevista tv   
id000362,60bxAVqprvk,https://www.youtube.com/watch?v=60bxAVqprvk,train,4,1,entrevista tv

id000363,T4ggTM2JSq4,https://www.youtube.com/watch?v=T4ggTM2JSq4,train,1,1,entrevista tv
id000363,wPxy_PqMcgg,https://www.youtube.com/watch?v=wPxy_PqMcgg,train,2,1,entrevista tv
id000363,SOvNk1m4XP8,https://www.youtube.com/watch?v=SOvNk1m4XP8,train,3,1,entrevista tv   
id000363,_b8VKL8HoYg,https://www.youtube.com/watch?v=_b8VKL8HoYg,train,4,1,entrevista tv

id000364,Oem_rFBvaEc,https://www.youtube.com/watch?v=Oem_rFBvaEc,train,1,1,entrevista tv
id000364,xZ4n6KKzsOE,https://www.youtube.com/watch?v=xZ4n6KKzsOE,train,2,1,entrevista tv
id000364,c6ox7yfYV6U,https://www.youtube.com/watch?v=c6ox7yfYV6U,train,3,1,entrevista tv   
id000364,O5owdtAo2Bk,https://www.youtube.com/watch?v=O5owdtAo2Bk,train,4,1,entrevista tv

id000365,-BTnCVY6ocg,https://www.youtube.com/watch?v=-BTnCVY6ocg,train,1,1,entrevista tv
id000365,7zL1WO4hF2g,https://www.youtube.com/watch?v=7zL1WO4hF2g,train,2,1,entrevista tv
id000365,TUO6r2hZqes,https://www.youtube.com/watch?v=TUO6r2hZqes,train,3,1,entrevista tv   
id000365,Uzb_Eg2BQyU,https://www.youtube.com/watch?v=Uzb_Eg2BQyU,train,4,1,entrevista tv
id000365,DUoVr2mVfTY,https://www.youtube.com/watch?v=DUoVr2mVfTY,train,5,1,entrevista tv

id000366,CgHw43ms37U,https://www.youtube.com/watch?v=CgHw43ms37U,train,1,1,entrevista tv
id000366,5b_au34pq1g,https://www.youtube.com/watch?v=5b_au34pq1g,train,2,1,entrevista tv
id000366,XxYCoReKDTg,https://www.youtube.com/watch?v=XxYCoReKDTg,train,3,1,entrevista tv   
id000366,tY2DcFacRzE,https://www.youtube.com/watch?v=tY2DcFacRzE,train,4,1,entrevista tv
id000366,_-gD8DDpvmo,https://www.youtube.com/watch?v=_-gD8DDpvmo,train,5,1,entrevista tv

id000367,QEGsLpNZx1o,https://www.youtube.com/watch?v=QEGsLpNZx1o,train,1,1,entrevista tv
id000367,z3FUingNntI,https://www.youtube.com/watch?v=z3FUingNntI,train,2,1,entrevista tv
id000367,aeyfQ-GHG30,https://www.youtube.com/watch?v=aeyfQ-GHG30,train,3,1,entrevista tv   
id000367,NkApwqSTjrI,https://www.youtube.com/watch?v=NkApwqSTjrI,train,4,1,entrevista tv
id000367,h2mOaz5ljfg,https://www.youtube.com/watch?v=h2mOaz5ljfg,train,5,1,entrevista tv
id000367,KA9fePODIWw,https://www.youtube.com/watch?v=KA9fePODIWw,train,6,1,entrevista tv

id000368,1m_MGE6xUxQ,https://www.youtube.com/watch?v=1m_MGE6xUxQ,train,1,1,entrevista tv
id000368,ZtZuSgAswdQ,https://www.youtube.com/watch?v=ZtZuSgAswdQ,train,2,1,entrevista tv
id000368,hGiuCwNB21Q,https://www.youtube.com/watch?v=hGiuCwNB21Q,train,3,1,entrevista tv   
id000368,aaGQ-1oGMZM,https://www.youtube.com/watch?v=aaGQ-1oGMZM,train,4,1,entrevista tv

id000369,gaoInJBOEbw,https://www.youtube.com/watch?v=gaoInJBOEbw,train,1,1,entrevista tv
id000369,6sx0IWbrRyA,https://www.youtube.com/watch?v=6sx0IWbrRyA,train,2,1,entrevista tv
id000369,IDD-1ocg4mU,https://www.youtube.com/watch?v=IDD-1ocg4mU,train,3,1,entrevista tv   
id000369,GslO2FNwkZI,https://www.youtube.com/watch?v=GslO2FNwkZI,train,4,1,entrevista tv

id000370,-W3xWA9B3bE,https://www.youtube.com/watch?v=-W3xWA9B3bE,train,1,1,entrevista tv
id000370,kzXca6Ja-U4,https://www.youtube.com/watch?v=kzXca6Ja-U4,train,2,1,entrevista tv
id000370,iN7tswEK9iU,https://www.youtube.com/watch?v=iN7tswEK9iU,train,3,1,entrevista tv   
id000370,skyvodVG4ks,https://www.youtube.com/watch?v=skyvodVG4ks,train,4,1,entrevista tv

id000371,FdJwf6kT6xU,https://www.youtube.com/watch?v=FdJwf6kT6xU,train,1,1,entrevista tv
id000371,Ow1nGDmHTy0,https://www.youtube.com/watch?v=Ow1nGDmHTy0,train,2,1,entrevista tv
id000371,VTwK_y6T0DU,https://www.youtube.com/watch?v=VTwK_y6T0DU,train,3,1,entrevista tv   
id000371,bY7btND3iY0,https://www.youtube.com/watch?v=bY7btND3iY0,train,4,1,entrevista tv
id000371,WMh9nQh-8mQ,https://www.youtube.com/watch?v=WMh9nQh-8mQ,train,5,1,entrevista tv

id000372,pjmGVf7YCG4,https://www.youtube.com/watch?v=pjmGVf7YCG4,train,1,1,entrevista tv
id000372,Ot5jtqomCy8,https://www.youtube.com/watch?v=Ot5jtqomCy8,train,2,1,entrevista tv
id000372,-UmlMLYv9Qw,https://www.youtube.com/watch?v=-UmlMLYv9Qw,train,3,1,entrevista tv   
id000372,s23Q2rGF_gk,https://www.youtube.com/watch?v=s23Q2rGF_gk,train,4,1,entrevista tv
id000372,V7dCK3APryc,https://www.youtube.com/watch?v=V7dCK3APryc,train,5,1,entrevista tv

id000373,mWkHCXNBifw,https://www.youtube.com/watch?v=mWkHCXNBifw,train,1,1,entrevista tv
id000373,Hd8wOUNXRbs,https://www.youtube.com/watch?v=Hd8wOUNXRbs,train,2,1,entrevista tv
id000373,rVpFLNXMQWA,https://www.youtube.com/watch?v=rVpFLNXMQWA,train,3,1,entrevista tv   
id000373,jt3v2FBJTDo,https://www.youtube.com/watch?v=jt3v2FBJTDo,train,4,1,entrevista tv

id000374,4VSaGf5iWQU,https://www.youtube.com/watch?v=4VSaGf5iWQU,train,1,1,entrevista tv
id000374,qnRGtaP6Cy0,https://www.youtube.com/watch?v=qnRGtaP6Cy0,train,2,1,entrevista tv
id000374,R7lOumk7W-U,https://www.youtube.com/watch?v=R7lOumk7W-U,train,3,1,entrevista tv   
id000374,o0t9xQC00Ts,https://www.youtube.com/watch?v=o0t9xQC00Ts,train,4,1,entrevista tv

id000375,cH6QdApEFoU,https://www.youtube.com/watch?v=cH6QdApEFoU,train,1,1,entrevista tv
id000375,4nErMCAUXoY,https://www.youtube.com/watch?v=4nErMCAUXoY,train,2,1,entrevista tv
id000375,9yU8TuTUy2A,https://www.youtube.com/watch?v=9yU8TuTUy2A,train,3,1,entrevista tv   
id000375,7OB3Fmps6Kc,https://www.youtube.com/watch?v=7OB3Fmps6Kc,train,4,1,entrevista tv
id000375,LDYa4l32i90,https://www.youtube.com/watch?v=LDYa4l32i90,train,5,1,entrevista tv

id000376,WCjptzDpZe0,https://www.youtube.com/watch?v=WCjptzDpZe0,train,1,1,entrevista tv
id000376,Bss3ggMQjNA,https://www.youtube.com/watch?v=Bss3ggMQjNA,train,2,1,entrevista tv
id000376,suOxXmAkiwQ,https://www.youtube.com/watch?v=suOxXmAkiwQ,train,3,1,entrevista tv   
id000376,bu3HqbxDKoQ,https://www.youtube.com/watch?v=bu3HqbxDKoQ,train,4,1,entrevista tv
id000376,avNKC9SuxUw,https://www.youtube.com/watch?v=avNKC9SuxUw,train,5,1,entrevista tv

id000377,EB_Ycy3qLIA,https://www.youtube.com/watch?v=EB_Ycy3qLIA,train,1,1,entrevista tv
id000377,qjR3qvbFAAY,https://www.youtube.com/watch?v=qjR3qvbFAAY,train,2,1,entrevista tv
id000377,OEf1eu3qO-w,https://www.youtube.com/watch?v=OEf1eu3qO-w,train,3,1,entrevista tv   
id000377,YPgCuAx8B4s,https://www.youtube.com/watch?v=YPgCuAx8B4s,train,4,1,entrevista tv

id000378,1eb1c9Ib-f0,https://www.youtube.com/watch?v=1eb1c9Ib-f0,train,1,1,entrevista tv
id000378,Cyv6UmhjQV0,https://www.youtube.com/watch?v=Cyv6UmhjQV0,train,2,1,entrevista tv
id000378,pc17Xgml6co,https://www.youtube.com/watch?v=pc17Xgml6co,train,3,1,entrevista tv   
id000378,zvzNfe303t0,https://www.youtube.com/watch?v=zvzNfe303t0,train,4,1,entrevista tv

id000379,YE0sFU6P1nQ,https://www.youtube.com/watch?v=YE0sFU6P1nQ,train,1,1,entrevista tv
id000379,LABIalPYKvM,https://www.youtube.com/watch?v=LABIalPYKvM,train,2,1,entrevista tv
id000379,BqSGcMuxvMc,https://www.youtube.com/watch?v=BqSGcMuxvMc,train,3,1,entrevista tv   
id000379,9gjbcgmMhfc,https://www.youtube.com/watch?v=9gjbcgmMhfc,train,4,1,entrevista tv
id000379,2LACfZdhMRI,https://www.youtube.com/watch?v=2LACfZdhMRI,train,5,1,entrevista tv

id000380,iGX5RGJc7OY,https://www.youtube.com/watch?v=iGX5RGJc7OY,train,1,1,entrevista tv
id000380,j-DO_KPcQ7c,https://www.youtube.com/watch?v=j-DO_KPcQ7c,train,2,1,entrevista tv
id000380,WM4N3_yK8qY,https://www.youtube.com/watch?v=WM4N3_yK8qY,train,3,1,entrevista tv   
id000380,-VPI-AuURQk,https://www.youtube.com/watch?v=-VPI-AuURQk,train,4,1,entrevista tv
id000380,nbfLIo3iSsY,https://www.youtube.com/watch?v=nbfLIo3iSsY,train,5,1,entrevista tv
id000380,-arLqsYTvEs,https://www.youtube.com/watch?v=-arLqsYTvEs,train,6,1,entrevista tv

id000381,RGJxQ14CRLE,https://www.youtube.com/watch?v=RGJxQ14CRLE,train,1,1,entrevista tv
id000381,Qhi3qiKiUVQ,https://www.youtube.com/watch?v=Qhi3qiKiUVQ,train,2,1,entrevista tv
id000381,Fb0Uk4IdW-o,https://www.youtube.com/watch?v=Fb0Uk4IdW-o,train,3,1,entrevista tv   
id000381,N8r6Wa-5qtQ,https://www.youtube.com/watch?v=N8r6Wa-5qtQ,train,4,1,entrevista tv

id000382,2xWPSecAZBk,https://www.youtube.com/watch?v=2xWPSecAZBk,train,1,1,entrevista tv
id000382,IHeg4aJV9IA,https://www.youtube.com/watch?v=IHeg4aJV9IA,train,2,1,entrevista tv
id000382,A7USdGI1Vjw,https://www.youtube.com/watch?v=A7USdGI1Vjw,train,3,1,entrevista tv   
id000382,DyLiQS_-8hM,https://www.youtube.com/watch?v=DyLiQS_-8hM,train,4,1,entrevista tv
id000382,HAd_2KlzbjY,https://www.youtube.com/watch?v=HAd_2KlzbjY,train,5,1,entrevista tv
id000382,RKQKAw9Kd8Q,https://www.youtube.com/watch?v=RKQKAw9Kd8Q,train,5,1,entrevista tv

id000383,OttEkWKMELc,https://www.youtube.com/watch?v=OttEkWKMELc,train,1,1,entrevista tv
id000383,K9jgdmnOwfA,https://www.youtube.com/watch?v=K9jgdmnOwfA,train,2,1,entrevista tv
id000383,ugWhmm15Yks,https://www.youtube.com/watch?v=ugWhmm15Yks,train,3,1,entrevista tv   
id000383,VzGBa2E6dfM,https://www.youtube.com/watch?v=VzGBa2E6dfM,train,4,1,entrevista tv
id000383,6b9HThqVHto,https://www.youtube.com/watch?v=6b9HThqVHto,train,5,1,entrevista tv

id000384,5Z_FKNeiVnM,https://www.youtube.com/watch?v=5Z_FKNeiVnM,train,1,1,entrevista tv
id000384,T5RCUnNsBvk,https://www.youtube.com/watch?v=T5RCUnNsBvk,train,2,1,entrevista tv
id000384,IMkd3Y91CBs,https://www.youtube.com/watch?v=IMkd3Y91CBs,train,3,1,entrevista tv   
id000384,I5MfcPF938I,https://www.youtube.com/watch?v=I5MfcPF938I,train,4,1,entrevista tv

id000385,2LgiMYmS7yo,https://www.youtube.com/watch?v=2LgiMYmS7yo,train,1,1,entrevista tv
id000385,axb0rD-Bq9c,https://www.youtube.com/watch?v=axb0rD-Bq9c,train,2,1,entrevista tv
id000385,FvdUa-GQjR4,https://www.youtube.com/watch?v=FvdUa-GQjR4,train,3,1,entrevista tv   
id000385,urtwwRBQo9M,https://www.youtube.com/watch?v=urtwwRBQo9M,train,4,1,entrevista tv
id000385,GAXh7V8VDZA,https://www.youtube.com/watch?v=GAXh7V8VDZA,train,5,1,entrevista tv

id000386,jB6sF6Ew7Fk,https://www.youtube.com/watch?v=jB6sF6Ew7Fk,train,1,1,entrevista tv
id000386,f_4HYC0ChpI,https://www.youtube.com/watch?v=f_4HYC0ChpI,train,2,1,entrevista tv
id000386,MMpTINFg9dQ,https://www.youtube.com/watch?v=MMpTINFg9dQ,train,3,1,entrevista tv   
id000386,XmJVYGMRliw,https://www.youtube.com/watch?v=0ZQrvgeE8cM,train,4,1,entrevista tv
id000386,te513A__mYk,https://www.youtube.com/watch?v=te513A__mYk,train,5,1,entrevista tv

id000387,IjkuZXLyGy4,https://www.youtube.com/watch?v=PDlDeBVe0aE,train,1,1,entrevista tv
id000387,5UdZWahIpVw,https://www.youtube.com/watch?v=5UdZWahIpVw,train,2,1,entrevista tv
id000387,VFqJwY7bWjo,https://www.youtube.com/watch?v=VFqJwY7bWjo,train,3,1,entrevista tv   
id000387,DiGcLJ5QQpA,https://www.youtube.com/watch?v=DiGcLJ5QQpA,train,4,1,entrevista tv

id000388,x0xtfAL6Noc,https://www.youtube.com/watch?v=x0xtfAL6Noc,train,1,1,entrevista tv
id000388,QgYPmzp-wdw,https://www.youtube.com/watch?v=QgYPmzp-wdw,train,2,1,entrevista tv
id000388,3wZxgRWvN2k,https://www.youtube.com/watch?v=3wZxgRWvN2k,train,3,1,entrevista tv   
id000388,9x5CaVVcgAk,https://www.youtube.com/watch?v=9x5CaVVcgAk,train,4,1,entrevista tv

id000389,3vZ0osF0aAE,https://www.youtube.com/watch?v=3vZ0osF0aAE,train,1,1,entrevista tv
id000389,8D7ChoSnrDE,https://www.youtube.com/watch?v=8D7ChoSnrDE,train,2,1,entrevista tv
id000389,3woOawKoCCM,https://www.youtube.com/watch?v=3woOawKoCCM,train,3,1,entrevista tv   
id000389,l0IP2EHLdtU,https://www.youtube.com/watch?v=l0IP2EHLdtU,train,4,1,entrevista tv
id000389,h_XGbD621DM,https://www.youtube.com/watch?v=h_XGbD621DM,train,5,1,entrevista tv

id000390,J-JQXbP-UkE,https://www.youtube.com/watch?v=J-JQXbP-UkE,train,1,1,entrevista tv
id000390,HgU35q_E5fM,https://www.youtube.com/watch?v=HgU35q_E5fM,train,2,1,entrevista tv
id000390,AoNr63_dVno,https://www.youtube.com/watch?v=AoNr63_dVno,train,3,1,entrevista tv   
id000390,dx8kSgKFexE,https://www.youtube.com/watch?v=dx8kSgKFexE,train,4,1,entrevista tv

id000391,ru_pKnFoBr4,https://www.youtube.com/watch?v=ru_pKnFoBr4,train,1,1,entrevista tv
id000391,apZf-TnXQtM,https://www.youtube.com/watch?v=9nBDBxHvt58,train,2,1,entrevista tv
id000391,FRycfrSkTrk,https://www.youtube.com/watch?v=FRycfrSkTrk,train,3,1,entrevista tv   
id000391,5HzL1knGv0M,https://www.youtube.com/watch?v=5HzL1knGv0M,train,4,1,entrevista tv
id000391,U6pQW4cxOYg,https://www.youtube.com/watch?v=U6pQW4cxOYg,train,5,1,entrevista tv

id000392,UStgcB39ClI,https://www.youtube.com/watch?v=UStgcB39ClI,train,1,1,entrevista tv
id000392,UNlZ-R7ib5s,https://www.youtube.com/watch?v=UNlZ-R7ib5s,train,2,1,entrevista tv
id000392,hqakNxKvTPI,https://www.youtube.com/watch?v=hqakNxKvTPI,train,3,1,entrevista tv   
id000392,dBWHD6SnccE,https://www.youtube.com/watch?v=dBWHD6SnccE,train,4,1,entrevista tv
id000392,XsHcGOJGYjc,https://www.youtube.com/watch?v=XsHcGOJGYjc,train,5,1,entrevista tv

id000393,hlebJqBeeNE,https://www.youtube.com/watch?v=hlebJqBeeNE,train,1,1,entrevista tv
id000393,MHwU-PpasEg,https://www.youtube.com/watch?v=MHwU-PpasEg,train,2,1,entrevista tv
id000393,4meuND41em8,https://www.youtube.com/watch?v=4meuND41em8,train,3,1,entrevista tv   
id000393,-WmvYKjbggo,https://www.youtube.com/watch?v=-WmvYKjbggo,train,4,1,entrevista tv
id000393,JOzN-chSMZ8,https://www.youtube.com/watch?v=JOzN-chSMZ8,train,5,1,entrevista tv
id000393,rvpIoWNZi2A,https://www.youtube.com/watch?v=rvpIoWNZi2A,train,6,1,entrevista tv   
id000393,ix3XjCTQDBk,https://www.youtube.com/watch?v=ix3XjCTQDBk,train,7,1,entrevista tv   

id000394,A7kKi93_2jw,https://www.youtube.com/watch?v=A7kKi93_2jw,train,1,1,entrevista tv
id000394,-UY7KSeGTyY,https://www.youtube.com/watch?v=-UY7KSeGTyY,train,2,1,entrevista tv
id000394,U5UzPXZiSog,https://www.youtube.com/watch?v=U5UzPXZiSog,train,3,1,entrevista tv   
id000394,HwSMCVXa4sU,https://www.youtube.com/watch?v=HwSMCVXa4sU,train,4,1,entrevista tv

id000395,oomRan9Jq_s,https://www.youtube.com/watch?v=oomRan9Jq_s,train,1,1,entrevista tv
id000395,QAwKB3rEBTc,https://www.youtube.com/watch?v=QAwKB3rEBTc,train,2,1,entrevista tv
id000395,v-Sv7gvRUZs,https://www.youtube.com/watch?v=v-Sv7gvRUZs,train,3,1,entrevista tv   
id000395,LDIGS9tH0sc,https://www.youtube.com/watch?v=LDIGS9tH0sc,train,4,1,entrevista tv

id000396,P8p7wfSU_zQ,https://www.youtube.com/watch?v=P8p7wfSU_zQ,train,1,1,entrevista tv
id000396,zmjwKl661mA,https://www.youtube.com/watch?v=zmjwKl661mA,train,2,1,entrevista tv
id000396,x4-nJfg5vJk,https://www.youtube.com/watch?v=x4-nJfg5vJk,train,3,1,entrevista tv   
id000396,1hTcE0AmxW8,https://www.youtube.com/watch?v=1hTcE0AmxW8,train,4,1,entrevista tv
id000396,FEihLk0Cmuw,https://www.youtube.com/watch?v=FEihLk0Cmuw,train,5,1,entrevista tv

id000397,iKguEi0VUi0,https://www.youtube.com/watch?v=iKguEi0VUi0,train,1,1,entrevista tv
id000397,JiMlePhZ2qM,https://www.youtube.com/watch?v=JiMlePhZ2qM,train,2,1,entrevista tv
id000397,dNtYFGk6PGQ,https://www.youtube.com/watch?v=dNtYFGk6PGQ,train,3,1,entrevista tv   
id000397,yvZYvsoVP6o,https://www.youtube.com/watch?v=yvZYvsoVP6o,train,4,1,entrevista tv
id000397,k26dGDBuHEk,https://www.youtube.com/watch?v=k26dGDBuHEk,train,5,1,entrevista tv

id000398,5N4x_buKXv0,https://www.youtube.com/watch?v=5N4x_buKXv0,train,1,1,entrevista tv
id000398,nxxS-cOVDyw,https://www.youtube.com/watch?v=nxxS-cOVDyw,train,2,1,entrevista tv
id000398,dprTBenr_qA,https://www.youtube.com/watch?v=dprTBenr_qA,train,3,1,entrevista tv   
id000398,TrTUTOw5ZQ4,https://www.youtube.com/watch?v=TrTUTOw5ZQ4,train,4,1,entrevista tv

id000399,K4xyH5XuKBU,https://www.youtube.com/watch?v=K4xyH5XuKBU,train,1,1,entrevista tv
id000399,DJ1lUVzK0fY,https://www.youtube.com/watch?v=DJ1lUVzK0fY,train,2,1,entrevista tv
id000399,hQj5uTl0v7Q,https://www.youtube.com/watch?v=hQj5uTl0v7Q,train,3,1,entrevista tv   
id000399,v080zanBK2U,https://www.youtube.com/watch?v=v080zanBK2U,train,4,1,entrevista tv
id000399,oYqTlyWV2nQ,https://www.youtube.com/watch?v=oYqTlyWV2nQ,train,5,1,entrevista tv

id000400,d5obtDIgK8Q,https://www.youtube.com/watch?v=d5obtDIgK8Q,train,1,1,entrevista tv
id000400,k40vOCqnGsk,https://www.youtube.com/watch?v=k40vOCqnGsk,train,2,1,entrevista tv
id000400,U9XY1tiij9E,https://www.youtube.com/watch?v=U9XY1tiij9E,train,3,1,entrevista tv   
id000400,11G7C3bAhNE,https://www.youtube.com/watch?v=11G7C3bAhNE,train,4,1,entrevista tv
id000400,TAsdEd4F_-s,https://www.youtube.com/watch?v=TAsdEd4F_-s,train,5,1,entrevista tv

id000401,102RVhjp9Mg,https://www.youtube.com/watch?v=102RVhjp9Mg,train,1,1,entrevista tv
id000401,fAzUZHT-Hc0,https://www.youtube.com/watch?v=fAzUZHT-Hc0,train,2,1,entrevista tv
id000401,S5hxwkK3jN0,https://www.youtube.com/watch?v=S5hxwkK3jN0,train,3,1,entrevista tv   
id000401,gEf8mylLkno,https://www.youtube.com/watch?v=gEf8mylLkno,train,4,1,entrevista tv
id000401,sQV0uHmZkv8,https://www.youtube.com/watch?v=sQV0uHmZkv8,train,4,1,entrevista tv

id000402,OHf0UsNFSNo,https://www.youtube.com/watch?v=OHf0UsNFSNo,train,1,1,entrevista tv
id000402,hZ4S4LfHw6s,https://www.youtube.com/watch?v=hZ4S4LfHw6s,train,2,1,entrevista tv
id000402,TZ1guUr6Nc0,https://www.youtube.com/watch?v=TZ1guUr6Nc0,train,3,1,entrevista tv   
id000402,VU95nG3T5us,https://www.youtube.com/watch?v=VU95nG3T5us,train,4,1,entrevista tv

id000403,Vvilz4TBn80,https://www.youtube.com/watch?v=Vvilz4TBn80,train,1,1,entrevista tv
id000403,pR4zDApmnJ0,https://www.youtube.com/watch?v=pR4zDApmnJ0,train,2,1,entrevista tv
id000403,7GtJxlr6IiI,https://www.youtube.com/watch?v=7GtJxlr6IiI,train,3,1,entrevista tv   
id000403,GY6xOc0s4Lk,https://www.youtube.com/watch?v=GY6xOc0s4Lk,train,4,1,entrevista tv

id000404,7WSl0vPwEdg,https://www.youtube.com/watch?v=7WSl0vPwEdg,train,1,1,entrevista tv
id000404,jVv7v1-IBW4,https://www.youtube.com/watch?v=jVv7v1-IBW4,train,2,1,entrevista tv
id000404,ZfNekhVY7-U,https://www.youtube.com/watch?v=ZfNekhVY7-U,train,3,1,entrevista tv   
id000404,tNWKRk-O17g,https://www.youtube.com/watch?v=tNWKRk-O17g,train,4,1,entrevista tv

id000405,oJIJ-Mxqzj4,https://www.youtube.com/watch?v=oJIJ-Mxqzj4,train,1,1,entrevista tv
id000405,aFqopfxXoVM,https://www.youtube.com/watch?v=aFqopfxXoVM,train,2,1,entrevista tv
id000405,NjlyQ1fckLE,https://www.youtube.com/watch?v=NjlyQ1fckLE,train,3,1,entrevista tv   
id000405,gVB2Z01U_z4,https://www.youtube.com/watch?v=gVB2Z01U_z4,train,4,1,entrevista tv
id000405,aHuXgzeK3Yc,https://www.youtube.com/watch?v=aHuXgzeK3Yc,train,5,1,entrevista tv

id000406,zMrYMM64xL4,https://www.youtube.com/watch?v=zMrYMM64xL4,train,1,1,entrevista tv
id000406,mSe9Lzs8wcQ,https://www.youtube.com/watch?v=mSe9Lzs8wcQ,train,2,1,entrevista tv
id000406,VEmb9Dvrq8s,https://www.youtube.com/watch?v=VEmb9Dvrq8s,train,3,1,entrevista tv   
id000406,cb7pCuEPN4I,https://www.youtube.com/watch?v=cb7pCuEPN4I,train,4,1,entrevista tv
id000406,KOc7ewCJsYg,https://www.youtube.com/watch?v=KOc7ewCJsYg,train,5,1,entrevista tv

id000407,X-vbtnrpr9M,https://www.youtube.com/watch?v=X-vbtnrpr9M,train,1,1,entrevista tv
id000407,4-TQEUWsDpM,https://www.youtube.com/watch?v=4-TQEUWsDpM,train,2,1,entrevista tv
id000407,Q6VZd0DqD8g,https://www.youtube.com/watch?v=Q6VZd0DqD8g,train,3,1,entrevista tv   
id000407,4f0OGCQ74Mo,https://www.youtube.com/watch?v=4f0OGCQ74Mo,train,4,1,entrevista tv
id000407,NdTQr7Z8-po,https://www.youtube.com/watch?v=NdTQr7Z8-po,train,5,1,entrevista tv

id000408,frpTcmOe5Ug,https://www.youtube.com/watch?v=frpTcmOe5Ug,train,1,1,entrevista tv
id000408,hfy8u2530H4,https://www.youtube.com/watch?v=hfy8u2530H4,train,2,1,entrevista tv
id000408,PKkZ0eO-JQM,https://www.youtube.com/watch?v=PKkZ0eO-JQM,train,3,1,entrevista tv   
id000408,xYEhUzxu1RA,https://www.youtube.com/watch?v=xYEhUzxu1RA,train,4,1,entrevista tv

id000409,XUIo8MKKP30,https://www.youtube.com/watch?v=XUIo8MKKP30,train,1,1,entrevista tv
id000409,y-jp2i0l_JQ,https://www.youtube.com/watch?v=y-jp2i0l_JQ,train,2,1,entrevista tv
id000409,GryYtMD4vtM,https://www.youtube.com/watch?v=GryYtMD4vtM,train,3,1,entrevista tv   
id000409,fpsYjpwao4M,https://www.youtube.com/watch?v=fpsYjpwao4M,train,4,1,entrevista tv
id000409,12n8ahAtKvc,https://www.youtube.com/watch?v=12n8ahAtKvc,train,5,1,entrevista tv

id000410,shixDXEfjGA,https://www.youtube.com/watch?v=shixDXEfjGA,train,1,1,entrevista tv
id000410,Nzm8KQZjDrQ,https://www.youtube.com/watch?v=Nzm8KQZjDrQ,train,2,1,entrevista tv
id000410,4H5yqvD_LDY,https://www.youtube.com/watch?v=4H5yqvD_LDY,train,3,1,entrevista tv   
id000410,DjbNmr1zJRE,https://www.youtube.com/watch?v=DjbNmr1zJRE,train,4,1,entrevista tv

id000411,qr-hOaFLMX0,https://www.youtube.com/watch?v=qr-hOaFLMX0,train,1,1,entrevista tv
id000411,VCT8T19nlAk,https://www.youtube.com/watch?v=VCT8T19nlAk,train,2,1,entrevista tv
id000411,RbtX5I4ucEQ,https://www.youtube.com/watch?v=RbtX5I4ucEQ,train,3,1,entrevista tv   
id000411,R9O9XFFAzTY,https://www.youtube.com/watch?v=R9O9XFFAzTY,train,4,1,entrevista tv

id000412,8C0vq9Tn2K4,https://www.youtube.com/watch?v=8C0vq9Tn2K4,train,1,1,entrevista tv
id000412,yd52rf-FOdc,https://www.youtube.com/watch?v=yd52rf-FOdc,train,2,1,entrevista tv
id000412,jSpo2ABNsKg,https://www.youtube.com/watch?v=jSpo2ABNsKg,train,3,1,entrevista tv   
id000412,5QZx1_umsqE,https://www.youtube.com/watch?v=5QZx1_umsqE,train,4,1,entrevista tv

id000413,8mN5EbQc2j8,https://www.youtube.com/watch?v=8mN5EbQc2j8,train,1,1,entrevista tv
id000413,EpjpJO6q5yY,https://www.youtube.com/watch?v=EpjpJO6q5yY,train,2,1,entrevista tv
id000413,qgQkqmLekQ4,https://www.youtube.com/watch?v=qgQkqmLekQ4,train,3,1,entrevista tv   
id000413,K_ozavDU-yI,https://www.youtube.com/watch?v=K_ozavDU-yI,train,4,1,entrevista tv
id000413,YEZ9T2cA5Ac,https://www.youtube.com/watch?v=YEZ9T2cA5Ac,train,5,1,entrevista tv

id000414,G3lppTYKJV0,https://www.youtube.com/watch?v=G3lppTYKJV0,train,1,1,entrevista tv
id000414,CdJ6kKQ-Yb8,https://www.youtube.com/watch?v=CdJ6kKQ-Yb8,train,2,1,entrevista tv
id000414,TvsP4qaPTH0,https://www.youtube.com/watch?v=TvsP4qaPTH0,train,3,1,entrevista tv   
id000414,RCCkY0SwrkE,https://www.youtube.com/watch?v=RCCkY0SwrkE,train,4,1,entrevista tv
id000414,vd0UpIK-J7U,https://www.youtube.com/watch?v=vd0UpIK-J7U,train,5,1,entrevista tv

id000415,1FKIsHrXcHw,https://www.youtube.com/watch?v=1FKIsHrXcHw,train,1,1,entrevista tv
id000415,w_kSkQgKWfA,https://www.youtube.com/watch?v=w_kSkQgKWfA,train,2,1,entrevista tv
id000415,C90uQzoRcIk,https://www.youtube.com/watch?v=C90uQzoRcIk,train,3,1,entrevista tv   
id000415,l9onL5AHzvU,https://www.youtube.com/watch?v=l9onL5AHzvU,train,4,1,entrevista tv

id000416,TQVrx9kFTLc,https://www.youtube.com/watch?v=TQVrx9kFTLc,train,1,1,entrevista tv
id000416,u1uNoUCShgI,https://www.youtube.com/watch?v=u1uNoUCShgI,train,2,1,entrevista tv
id000416,Z4Crhl7zWpE,https://www.youtube.com/watch?v=Z4Crhl7zWpE,train,3,1,entrevista tv   
id000416,QGwZ9LD7D0U,https://www.youtube.com/watch?v=QGwZ9LD7D0U,train,4,1,entrevista tv

id000417,2xubsEnayt8,https://www.youtube.com/watch?v=2xubsEnayt8,train,1,1,entrevista tv
id000417,UR7poZOHHUE,https://www.youtube.com/watch?v=UR7poZOHHUE,train,2,1,entrevista tv
id000417,F07eajNokTE,https://www.youtube.com/watch?v=F07eajNokTE,train,3,1,entrevista tv   
id000417,5S198vurKCo,https://www.youtube.com/watch?v=5S198vurKCo,train,4,1,entrevista tv

id000418,1wMz9sPaWfU,https://www.youtube.com/watch?v=1wMz9sPaWfU,train,1,1,entrevista tv
id000418,9XmvrVDlyAI,https://www.youtube.com/watch?v=9XmvrVDlyAI,train,2,1,entrevista tv
id000418,FWWv0Jw0HjM,https://www.youtube.com/watch?v=FWWv0Jw0HjM,train,3,1,entrevista tv   
id000418,mfioJ-y_HWw,https://www.youtube.com/watch?v=mfioJ-y_HWw,train,4,1,entrevista tv

id000419,M5ajQxdU2Zg,https://www.youtube.com/watch?v=M5ajQxdU2Zg,train,1,1,entrevista tv
id000419,-woMiEry9vA,https://www.youtube.com/watch?v=-woMiEry9vA,train,2,1,entrevista tv
id000419,-QrNOWKN7es,https://www.youtube.com/watch?v=-QrNOWKN7es,train,3,1,entrevista tv   
id000419,ZSpKfHe-BXE,https://www.youtube.com/watch?v=ZSpKfHe-BXE,train,4,1,entrevista tv

id000420,NNHHnc6Uvn4,https://www.youtube.com/watch?v=NNHHnc6Uvn4,train,1,1,entrevista tv
id000420,D5DAY4G2wkM,https://www.youtube.com/watch?v=D5DAY4G2wkM,train,2,1,entrevista tv
id000420,-hTSV0_JT_w,https://www.youtube.com/watch?v=-hTSV0_JT_w,train,3,1,entrevista tv   
id000420,1beEyjAeqyM,https://www.youtube.com/watch?v=1beEyjAeqyM,train,4,1,entrevista tv

id000421,TQVrx9kFTLc,https://www.youtube.com/watch?v=TQVrx9kFTLc,train,1,1,entrevista tv
id000421,u1uNoUCShgI,https://www.youtube.com/watch?v=u1uNoUCShgI,train,2,1,entrevista tv
id000421,QGwZ9LD7D0U,https://www.youtube.com/watch?v=QGwZ9LD7D0U,train,3,1,entrevista tv   
id000421,Z4Crhl7zWpE,https://www.youtube.com/watch?v=Z4Crhl7zWpE,train,4,1,entrevista tv
id000421,Kxa_ddqlrMo,https://www.youtube.com/watch?v=Kxa_ddqlrMo,train,5,1,entrevista tv

id000422,jFSpf6AkpOU,https://www.youtube.com/watch?v=jFSpf6AkpOU,train,1,1,entrevista tv
id000422,mDniGuY9K3I,https://www.youtube.com/watch?v=mDniGuY9K3I,train,2,1,entrevista tv
id000422,yTXc1rmcVOE,https://www.youtube.com/watch?v=yTXc1rmcVOE,train,3,1,entrevista tv   
id000422,rEqCbVITd54,https://www.youtube.com/watch?v=rEqCbVITd54,train,4,1,entrevista tv
id000422,oAIMzf5yisA,https://www.youtube.com/watch?v=oAIMzf5yisA,train,5,1,entrevista tv
id000422,40ETcnsHVBE,https://www.youtube.com/watch?v=40ETcnsHVBE,train,6,1,entrevista tv

id000423,vGb4Dt6HoFM,https://www.youtube.com/watch?v=vGb4Dt6HoFM,train,1,1,entrevista tv
id000423,yhTRyM4LtSE,https://www.youtube.com/watch?v=yhTRyM4LtSE,train,2,1,entrevista tv
id000423,s7xXRfBrH7k,https://www.youtube.com/watch?v=s7xXRfBrH7k,train,3,1,entrevista tv   
id000423,386U2qTumf0,https://www.youtube.com/watch?v=386U2qTumf0,train,4,1,entrevista tv
id000423,cJD3t12Eijk,https://www.youtube.com/watch?v=cJD3t12Eijk,train,5,1,entrevista tv

id000424,LaKaVZd0BDs,https://www.youtube.com/watch?v=LaKaVZd0BDs,train,1,1,entrevista tv
id000424,yQOm0JUh00M,https://www.youtube.com/watch?v=yQOm0JUh00M,train,2,1,entrevista tv
id000424,r2Pl-IElCkU,https://www.youtube.com/watch?v=r2Pl-IElCkU,train,3,1,entrevista tv   
id000424,D5TugZjC-KQ,https://www.youtube.com/watch?v=D5TugZjC-KQ,train,4,1,entrevista tv

id000425,E5AaI2LNTDk,https://www.youtube.com/watch?v=E5AaI2LNTDk,train,1,1,entrevista tv
id000425,ueo73ubwel0,https://www.youtube.com/watch?v=ueo73ubwel0,train,2,1,entrevista tv
id000425,eyykgcL-kOE,https://www.youtube.com/watch?v=eyykgcL-kOE,train,3,1,entrevista tv   
id000425,7vjw5v-gm3I,https://www.youtube.com/watch?v=7vjw5v-gm3I,train,4,1,entrevista tv
id000425,DcHj-IxD-Nc,https://www.youtube.com/watch?v=DcHj-IxD-Nc,train,5,1,entrevista tv

id000426,_sA9MAmaDJc,https://www.youtube.com/watch?v=_sA9MAmaDJc,train,1,1,entrevista tv
id000426,AOWShcq-2MM,https://www.youtube.com/watch?v=AOWShcq-2MM,train,2,1,entrevista tv
id000426,UMehw88-G5I,https://www.youtube.com/watch?v=UMehw88-G5I,train,3,1,entrevista tv   
id000426,jyb5Iumq46k,https://www.youtube.com/watch?v=jyb5Iumq46k,train,4,1,entrevista tv
id000426,0_x_UHk9tpI,https://www.youtube.com/watch?v=0_x_UHk9tpI,train,5,1,entrevista tv

id000427,728xC-onIX4,https://www.youtube.com/watch?v=728xC-onIX4,train,1,1,entrevista tv
id000427,MJARGDQDlhE,https://www.youtube.com/watch?v=MJARGDQDlhE,train,2,1,entrevista tv
id000427,n7hDu8At-sU,https://www.youtube.com/watch?v=n7hDu8At-sU,train,3,1,entrevista tv   
id000427,E4WxkKy0ddA,https://www.youtube.com/watch?v=E4WxkKy0ddA,train,4,1,entrevista tv
id000427,0bhXVUplwZw,https://www.youtube.com/watch?v=0bhXVUplwZw,train,5,1,entrevista tv
id000427,TxY07emcFfw,https://www.youtube.com/watch?v=TxY07emcFfw,train,6,1,entrevista tv

id000428,0lnylZGftI4,https://www.youtube.com/watch?v=0lnylZGftI4,train,1,1,entrevista tv
id000428,xjubRBRTQVc,https://www.youtube.com/watch?v=xjubRBRTQVc,train,2,1,entrevista tv
id000428,jsDobOny0Rc,https://www.youtube.com/watch?v=jsDobOny0Rc,train,3,1,entrevista tv   
id000428,sYbKnUlHmQM,https://www.youtube.com/watch?v=sYbKnUlHmQM,train,4,1,entrevista tv

id000429,l0d3nGzVVUs,https://www.youtube.com/watch?v=l0d3nGzVVUs,train,1,1,entrevista tv
id000429,idkIuPFnVE0,https://www.youtube.com/watch?v=idkIuPFnVE0,train,2,1,entrevista tv
id000429,3paHV1Lt96Q,https://www.youtube.com/watch?v=3paHV1Lt96Q,train,3,1,entrevista tv   
id000429,RZP8pqTjNpc,https://www.youtube.com/watch?v=RZP8pqTjNpc,train,4,1,entrevista tv
id000429,KAxGCVZFSW8,https://www.youtube.com/watch?v=KAxGCVZFSW8,train,5,1,entrevista tv

id000430,LNnyuzyICLc,https://www.youtube.com/watch?v=LNnyuzyICLc,train,1,1,entrevista tv
id000430,Tn2b_7TBzck,https://www.youtube.com/watch?v=Tn2b_7TBzck,train,2,1,entrevista tv
id000430,MC6v8MwP01Y,https://www.youtube.com/watch?v=MC6v8MwP01Y,train,3,1,entrevista tv   
id000430,ZRlX4y5UD2Y,https://www.youtube.com/watch?v=ZRlX4y5UD2Y,train,4,1,entrevista tv

id000431,zTlV5QAiD1A,https://www.youtube.com/watch?v=zTlV5QAiD1A,train,1,1,entrevista tv
id000431,d_Ljhr8ByvA,https://www.youtube.com/watch?v=d_Ljhr8ByvA,train,2,1,entrevista tv
id000431,fR4LJFBReqs,https://www.youtube.com/watch?v=fR4LJFBReqs,train,3,1,entrevista tv   
id000431,4FPQ2jwW7Zo,https://www.youtube.com/watch?v=4FPQ2jwW7Zo,train,4,1,entrevista tv
id000431,t0koHjD496A,https://www.youtube.com/watch?v=t0koHjD496A,train,5,1,entrevista tv

id000432,vgb31NdFgmE,https://www.youtube.com/watch?v=vgb31NdFgmE,train,1,1,entrevista tv
id000432,RezOGAUW7c0,https://www.youtube.com/watch?v=RezOGAUW7c0,train,2,1,entrevista tv
id000432,JNBvDauicdw,https://www.youtube.com/watch?v=JNBvDauicdw,train,3,1,entrevista tv   
id000432,1tOXFzl6dkE,https://www.youtube.com/watch?v=1tOXFzl6dkE,train,4,1,entrevista tv
id000432,tuEW0AX259A,https://www.youtube.com/watch?v=tuEW0AX259A,train,5,1,entrevista tv
id000432,k_w7KYayd-I,https://www.youtube.com/watch?v=k_w7KYayd-I,train,5,1,entrevista tv

id000433,9xPvkS-kMTw,https://www.youtube.com/watch?v=9xPvkS-kMTw,train,1,1,entrevista tv
id000433,ee2UndJcAHc,https://www.youtube.com/watch?v=ee2UndJcAHc,train,2,1,entrevista tv
id000433,Xc6YxReTIZg,https://www.youtube.com/watch?v=Xc6YxReTIZg,train,3,1,entrevista tv   
id000433,vwV7LC84_wk,https://www.youtube.com/watch?v=vwV7LC84_wk,train,4,1,entrevista tv

id000434,18lMT2gKBxg,https://www.youtube.com/watch?v=18lMT2gKBxg,train,1,1,entrevista tv
id000434,txkexurb5BE,https://www.youtube.com/watch?v=txkexurb5BE,train,2,1,entrevista tv
id000434,kqyIk9bWEv0,https://www.youtube.com/watch?v=kqyIk9bWEv0,train,3,1,entrevista tv   
id000434,HkXjNh_IdM8,https://www.youtube.com/watch?v=HkXjNh_IdM8,train,4,1,entrevista tv

id000435,MMgEGx4FiPA,https://www.youtube.com/watch?v=MMgEGx4FiPA,train,1,1,entrevista tv
id000435,duDuls8CU6M,https://www.youtube.com/watch?v=duDuls8CU6M,train,2,1,entrevista tv
id000435,zg2wAEyqkGs,https://www.youtube.com/watch?v=zg2wAEyqkGs,train,3,1,entrevista tv   
id000435,nsqm8k4oxZs,https://www.youtube.com/watch?v=nsqm8k4oxZs,train,4,1,entrevista tv

id000436,ZvhtcyCuO5E,https://www.youtube.com/watch?v=ZvhtcyCuO5E,train,1,1,entrevista tv
id000436,qTyvcetCuNw,https://www.youtube.com/watch?v=qTyvcetCuNw,train,2,1,entrevista tv
id000436,3iT1BXwWpWo,https://www.youtube.com/watch?v=3iT1BXwWpWo,train,3,1,entrevista tv   
id000436,0iEoTntaxDg,https://www.youtube.com/watch?v=0iEoTntaxDg,train,4,1,entrevista tv

id000437,6V8MN7_NG7s,https://www.youtube.com/watch?v=6V8MN7_NG7s,train,1,1,entrevista tv
id000437,xj1azxoTJaQ,https://www.youtube.com/watch?v=xj1azxoTJaQ,train,2,1,entrevista tv
id000437,PKEeBcbJGP8,https://www.youtube.com/watch?v=PKEeBcbJGP8,train,3,1,entrevista tv   
id000437,gMIp50ln7_8,https://www.youtube.com/watch?v=gMIp50ln7_8,train,4,1,entrevista tv

id000438,1Hiu1agtumU,https://www.youtube.com/watch?v=1Hiu1agtumU,train,1,1,entrevista tv
id000438,V71cXgirZSo,https://www.youtube.com/watch?v=V71cXgirZSo,train,2,1,entrevista tv
id000438,G_Nv1lKgPNQ,https://www.youtube.com/watch?v=G_Nv1lKgPNQ,train,3,1,entrevista tv   
id000438,VrAdHZJRTVY,https://www.youtube.com/watch?v=VrAdHZJRTVY,train,4,1,entrevista tv
id000438,xXpQ6DYff5U,https://www.youtube.com/watch?v=xXpQ6DYff5U,train,5,1,entrevista tv

id000439,IeOjU56M6eg,https://www.youtube.com/watch?v=IeOjU56M6eg,train,1,1,entrevista tv
id000439,QJZSgMf9P7Q,https://www.youtube.com/watch?v=QJZSgMf9P7Q,train,2,1,entrevista tv
id000439,2yxPi_7pV0w,https://www.youtube.com/watch?v=2yxPi_7pV0w,train,3,1,entrevista tv   
id000439,Rqh1yDLksPE,https://www.youtube.com/watch?v=Rqh1yDLksPE,train,4,1,entrevista tv

id000440,eRqMjP8xZ6U,https://www.youtube.com/watch?v=eRqMjP8xZ6U,train,1,1,entrevista tv
id000440,FmSJhP1P7tA,https://www.youtube.com/watch?v=FmSJhP1P7tA,train,2,1,entrevista tv
id000440,CA7Zz13KywE,https://www.youtube.com/watch?v=CA7Zz13KywE,train,3,1,entrevista tv   
id000440,h1a7ABWlcwk,https://www.youtube.com/watch?v=h1a7ABWlcwk,train,4,1,entrevista tv

id000441,wCkWz6iJqNU,https://www.youtube.com/watch?v=wCkWz6iJqNU,train,1,1,entrevista tv
id000441,jhMUdb9yfq8,https://www.youtube.com/watch?v=jhMUdb9yfq8,train,2,1,entrevista tv
id000441,56XLtjIuU6c,https://www.youtube.com/watch?v=56XLtjIuU6c,train,3,1,entrevista tv   
id000441,N3NNTM2S74g,https://www.youtube.com/watch?v=N3NNTM2S74g,train,4,1,entrevista tv
id000441,R3Pr7lVCvZU,https://www.youtube.com/watch?v=R3Pr7lVCvZU,train,5,1,entrevista tv

id000442,dB0fA8ViGhk,https://www.youtube.com/watch?v=dB0fA8ViGhk,train,1,1,entrevista tv
id000442,IWjDeBO0APQ,https://www.youtube.com/watch?v=IWjDeBO0APQ,train,2,1,entrevista tv
id000442,NBqgdZ1nkn8,https://www.youtube.com/watch?v=NBqgdZ1nkn8,train,3,1,entrevista tv   
id000442,83VLPNBsrfA,https://www.youtube.com/watch?v=83VLPNBsrfA,train,4,1,entrevista tv
id000442,eGofcRkGEsM,https://www.youtube.com/watch?v=eGofcRkGEsM,train,4,1,entrevista tv

id000443,g6LxHvyx6JI,https://www.youtube.com/watch?v=g6LxHvyx6JI,train,1,1,entrevista tv
id000443,8m4ehpRVEgM,https://www.youtube.com/watch?v=8m4ehpRVEgM,train,2,1,entrevista tv
id000443,bIBRYYiAXxM,https://www.youtube.com/watch?v=bIBRYYiAXxM,train,3,1,entrevista tv   
id000443,TzpjRKZm4Ls,https://www.youtube.com/watch?v=TzpjRKZm4Ls,train,4,1,entrevista tv

id000444,1k6pDzSydmo,https://www.youtube.com/watch?v=1k6pDzSydmo,train,1,1,entrevista tv
id000444,gp1lCzakEEM,https://www.youtube.com/watch?v=gp1lCzakEEM,train,2,1,entrevista tv
id000444,6XVFDrXjyHU,https://www.youtube.com/watch?v=6XVFDrXjyHU,train,3,1,entrevista tv   
id000444,yAkjbTHzkoQ,https://www.youtube.com/watch?v=yAkjbTHzkoQ,train,4,1,entrevista tv

id000445,RD5jA9WbCnA,https://www.youtube.com/watch?v=RD5jA9WbCnA,train,1,1,entrevista tv
id000445,YG9yyrjtLIk,https://www.youtube.com/watch?v=YG9yyrjtLIk,train,2,1,entrevista tv
id000445,jP4POrberWg,https://www.youtube.com/watch?v=jP4POrberWg,train,3,1,entrevista tv   
id000445,FnzzcTRQVBk,https://www.youtube.com/watch?v=FnzzcTRQVBk,train,4,1,entrevista tv

id000446,btZO5M1LXcM,https://www.youtube.com/watch?v=btZO5M1LXcM,train,1,1,entrevista tv
id000446,2_MYDRY8iNE,https://www.youtube.com/watch?v=2_MYDRY8iNE,train,2,1,entrevista tv
id000446,cI9ffXP5aoA,https://www.youtube.com/watch?v=cI9ffXP5aoA,train,3,1,entrevista tv   
id000446,lQvrhweOQ7Y,https://www.youtube.com/watch?v=lQvrhweOQ7Y,train,4,1,entrevista tv

id000447,UsOY7Rhs2mc,https://www.youtube.com/watch?v=UsOY7Rhs2mc,train,1,1,entrevista tv
id000447,lbeylDKA3Fc,https://www.youtube.com/watch?v=lbeylDKA3Fc,train,2,1,entrevista tv
id000447,VYxSMI5tLqs,https://www.youtube.com/watch?v=VYxSMI5tLqs,train,3,1,entrevista tv   
id000447,NTN1qmF9x1s,https://www.youtube.com/watch?v=NTN1qmF9x1s,train,4,1,entrevista tv

id000448,im-dspTwLB8,https://www.youtube.com/watch?v=im-dspTwLB8,train,1,1,entrevista tv
id000448,kg8H7JZtkFw,https://www.youtube.com/watch?v=kg8H7JZtkFw,train,2,1,entrevista tv
id000448,QPZy31HhwOc,https://www.youtube.com/watch?v=QPZy31HhwOc,train,3,1,entrevista tv   
id000448,oKEAXDUDPg8,https://www.youtube.com/watch?v=oKEAXDUDPg8,train,4,1,entrevista tv

id000449,Aqyie7P-S0U,https://www.youtube.com/watch?v=Aqyie7P-S0U,train,1,1,entrevista tv
id000449,wfGD1eUSXxY,https://www.youtube.com/watch?v=wfGD1eUSXxY,train,2,1,entrevista tv
id000449,QsLceBT5i9A,https://www.youtube.com/watch?v=QsLceBT5i9A,train,3,1,entrevista tv   
id000449,i3dSbYg1S_s,https://www.youtube.com/watch?v=i3dSbYg1S_s,train,4,1,entrevista tv

id000450,K6Iuxm1DrFY,https://www.youtube.com/watch?v=K6Iuxm1DrFY,train,1,1,entrevista tv
id000450,N64l_bm5ddk,https://www.youtube.com/watch?v=N64l_bm5ddk,train,2,1,entrevista tv
id000450,IKlEq4jBpIU,https://www.youtube.com/watch?v=IKlEq4jBpIU,train,3,1,entrevista tv   
id000450,DADZYKcaVvE,https://www.youtube.com/watch?v=DADZYKcaVvE,train,4,1,entrevista tv

id000451,ZKe8DW8BsAs,https://www.youtube.com/watch?v=ZKe8DW8BsAs,train,1,1,entrevista tv
id000451,ZesF87FJUj4,https://www.youtube.com/watch?v=ZesF87FJUj4,train,2,1,entrevista tv
id000451,3N4J6A4YIHg,https://www.youtube.com/watch?v=3N4J6A4YIHg,train,3,1,entrevista tv   
id000451,9EBtmUlrhf0,https://www.youtube.com/watch?v=9EBtmUlrhf0,train,4,1,entrevista tv

id000452,K_P_kN-yMac,https://www.youtube.com/watch?v=K_P_kN-yMac,train,1,1,entrevista tv
id000452,Otmigc4o260,https://www.youtube.com/watch?v=Otmigc4o260,train,2,1,entrevista tv
id000452,Ro6Hw1CB2gQ,https://www.youtube.com/watch?v=Ro6Hw1CB2gQ,train,3,1,entrevista tv   
id000452,icWMkqCuKQM,https://www.youtube.com/watch?v=icWMkqCuKQM,train,4,1,entrevista tv

id000453,OmeHvGBRgLo,https://www.youtube.com/watch?v=OmeHvGBRgLo,train,1,1,entrevista tv
id000453,pdcQuS7XKdE,https://www.youtube.com/watch?v=pdcQuS7XKdE,train,2,1,entrevista tv
id000453,VOiH-PH3h1I,https://www.youtube.com/watch?v=VOiH-PH3h1I,train,3,1,entrevista tv   
id000453,EaCmyXku3Lc,https://www.youtube.com/watch?v=EaCmyXku3Lc,train,4,1,entrevista tv
id000453,Ej7HpgDFv08,https://www.youtube.com/watch?v=Ej7HpgDFv08,train,5,1,entrevista tv

id000454,B9GDIqmQ4uY,https://www.youtube.com/watch?v=B9GDIqmQ4uY,train,1,1,entrevista tv
id000454,ud2aBbz9JE8,https://www.youtube.com/watch?v=ud2aBbz9JE8,train,2,1,entrevista tv
id000454,CcK1rxdUiGQ,https://www.youtube.com/watch?v=CcK1rxdUiGQ,train,3,1,entrevista tv   
id000454,CI3fcL41ZqY,https://www.youtube.com/watch?v=CI3fcL41ZqY,train,4,1,entrevista tv
id000454,HQKkto4rycM,https://www.youtube.com/watch?v=HQKkto4rycM,train,5,1,entrevista tv
id000454,35Mu18vBJpg,https://www.youtube.com/watch?v=HQKkto4rycM,train,6,1,entrevista tv

id000455,AZZGCWmf4YE,https://www.youtube.com/watch?v=AZZGCWmf4YE,train,1,1,entrevista tv
id000455,v6C7iZE7s8o,https://www.youtube.com/watch?v=v6C7iZE7s8o,train,2,1,entrevista tv
id000455,lX33JlyFjBY,https://www.youtube.com/watch?v=lX33JlyFjBY,train,3,1,entrevista tv   
id000455,owQLC_Ero1c,https://www.youtube.com/watch?v=owQLC_Ero1c,train,4,1,entrevista tv

id000456,zrNIX0iNi6Y,https://www.youtube.com/watch?v=zrNIX0iNi6Y,train,1,1,entrevista tv
id000456,kdVFbaQdqnY,https://www.youtube.com/watch?v=kdVFbaQdqnY,train,2,1,entrevista tv
id000456,Ewe3wpr4C_o,https://www.youtube.com/watch?v=Ewe3wpr4C_o,train,3,1,entrevista tv   
id000456,UDy116DvHBo,https://www.youtube.com/watch?v=UDy116DvHBo,train,4,1,entrevista tv

id000457,HS_kGrsCkhg,https://www.youtube.com/watch?v=HS_kGrsCkhg,train,1,1,entrevista tv
id000457,ZLdNuiwxK9Y,https://www.youtube.com/watch?v=ZLdNuiwxK9Y,train,2,1,entrevista tv
id000457,_rLC3WJPylA,https://www.youtube.com/watch?v=_rLC3WJPylA,train,3,1,entrevista tv   
id000457,dkwvR9iVXjU,https://www.youtube.com/watch?v=dkwvR9iVXjU,train,4,1,entrevista tv

id000458,tr8QqtpiYQQ,https://www.youtube.com/watch?v=tr8QqtpiYQQ,train,1,1,entrevista tv
id000458,hK_wTL2i7gI,https://www.youtube.com/watch?v=hK_wTL2i7gI,train,2,1,entrevista tv
id000458,2yA6fF38FBU,https://www.youtube.com/watch?v=2yA6fF38FBU,train,3,1,entrevista tv   
id000458,jq0B4L9X2to,https://www.youtube.com/watch?v=jq0B4L9X2to,train,4,1,entrevista tv
id000458,Sx3yFU6rUKs,https://www.youtube.com/watch?v=Sx3yFU6rUKs,train,5,1,entrevista tv
id000458,nR-1YCAl8Kc,https://www.youtube.com/watch?v=nR-1YCAl8Kc,train,6,1,entrevista tv

id000459,9H0e47zIVbQ,https://www.youtube.com/watch?v=9H0e47zIVbQ,train,1,1,entrevista tv
id000459,8sFzIll66Vk,https://www.youtube.com/watch?v=8sFzIll66Vk,train,2,1,entrevista tv
id000459,2DRaT8yKG58,https://www.youtube.com/watch?v=2DRaT8yKG58,train,3,1,entrevista tv   
id000459,QEIBI_-c-Yw,https://www.youtube.com/watch?v=QEIBI_-c-Yw,train,4,1,entrevista tv

id000460,1S_T9Z16cr8,https://www.youtube.com/watch?v=1S_T9Z16cr8,train,1,1,entrevista tv
id000460,otdiRccJpoI,https://www.youtube.com/watch?v=otdiRccJpoI,train,2,1,entrevista tv
id000460,sFosCcP68vg,https://www.youtube.com/watch?v=sFosCcP68vg,train,3,1,entrevista tv   
id000460,pDlE5otD02M,https://www.youtube.com/watch?v=pDlE5otD02M,train,4,1,entrevista tv

id000461,n-Ou3BV3-ZA,https://www.youtube.com/watch?v=n-Ou3BV3-ZA,train,1,1,entrevista tv
id000461,fl3i_Kjn4fY,https://www.youtube.com/watch?v=fl3i_Kjn4fY,train,2,1,entrevista tv
id000461,MId3AxlAXJY,https://www.youtube.com/watch?v=MId3AxlAXJY,train,3,1,entrevista tv   
id000461,4X2hzcWE8Ko,https://www.youtube.com/watch?v=4X2hzcWE8Ko,train,4,1,entrevista tv
id000461,AkvY0RMQlWs,https://www.youtube.com/watch?v=AkvY0RMQlWs,train,5,1,entrevista tv

id000462,gYSqw7ockWM,https://www.youtube.com/watch?v=gYSqw7ockWM,train,1,1,entrevista tv
id000462,rPiGhxqSjHo,https://www.youtube.com/watch?v=rPiGhxqSjHo,train,2,1,entrevista tv
id000462,ckn59aB0MrI,https://www.youtube.com/watch?v=ckn59aB0MrI,train,3,1,entrevista tv   
id000462,ZhwsP-ExVcY,https://www.youtube.com/watch?v=ZhwsP-ExVcY,train,4,1,entrevista tv

id000463,aKEQjlMFT9E,https://www.youtube.com/watch?v=aKEQjlMFT9E,train,1,1,entrevista tv
id000463,UdJ8tG8Ql_E,https://www.youtube.com/watch?v=UdJ8tG8Ql_E,train,2,1,entrevista tv
id000463,aJ5WF-MfSrc,https://www.youtube.com/watch?v=aJ5WF-MfSrc,train,3,1,entrevista tv   
id000463,pZAm3ekgUT0,https://www.youtube.com/watch?v=pZAm3ekgUT0,train,4,1,entrevista tv

id000464,D-tTFRBuwBc,https://www.youtube.com/watch?v=D-tTFRBuwBc,train,1,1,entrevista tv
id000464,qKEiBIAkTYM,https://www.youtube.com/watch?v=qKEiBIAkTYM,train,2,1,entrevista tv
id000464,CrU2SO9vv94,https://www.youtube.com/watch?v=CrU2SO9vv94,train,3,1,entrevista tv   
id000464,oh6g042msJ4,https://www.youtube.com/watch?v=oh6g042msJ4,train,4,1,entrevista tv
id000464,Avl6iUKR79I,https://www.youtube.com/watch?v=Avl6iUKR79I,train,5,1,entrevista tv
id000464,locYRxj7J88,https://www.youtube.com/watch?v=locYRxj7J88,train,6,1,entrevista tv

id000465,IvWl7HmAmCU,https://www.youtube.com/watch?v=IvWl7HmAmCU,train,1,1,entrevista tv
id000465,IaYgT51IGVk,https://www.youtube.com/watch?v=IaYgT51IGVk,train,2,1,entrevista tv
id000465,tAdbcrkVYr4,https://www.youtube.com/watch?v=tAdbcrkVYr4,train,3,1,entrevista tv   
id000465,DO539FgsstE,https://www.youtube.com/watch?v=DO539FgsstE,train,4,1,entrevista tv
id000465,S0dGljIzsfc,https://www.youtube.com/watch?v=S0dGljIzsfc,train,4,1,entrevista tv

id000466,lizzcMJ_Ew8,https://www.youtube.com/watch?v=lizzcMJ_Ew8,train,1,1,entrevista tv
id000466,XVlYtIx3CsU,https://www.youtube.com/watch?v=XVlYtIx3CsU,train,2,1,entrevista tv
id000466,fzahb3ymx40,https://www.youtube.com/watch?v=fzahb3ymx40,train,3,1,entrevista tv   
id000466,NrB0vpw3Z2M,https://www.youtube.com/watch?v=NrB0vpw3Z2M,train,4,1,entrevista tv

id000467,7a4tCHGae14,https://www.youtube.com/watch?v=7a4tCHGae14,train,1,1,entrevista tv
id000467,O7gMtfMGaNY,https://www.youtube.com/watch?v=O7gMtfMGaNY,train,2,1,entrevista tv
id000467,0E6G9AeolF4,https://www.youtube.com/watch?v=0E6G9AeolF4,train,3,1,entrevista tv   
id000467,aeo1NyuWC68,https://www.youtube.com/watch?v=aeo1NyuWC68,train,4,1,entrevista tv
id000467,m6GUq9WxbdU,https://www.youtube.com/watch?v=m6GUq9WxbdU,train,5,1,entrevista tv

id000468,XSixT88yIDY,https://www.youtube.com/watch?v=XSixT88yIDY,train,1,1,entrevista tv
id000468,vS-ESPamJFQ,https://www.youtube.com/watch?v=vS-ESPamJFQ,train,2,1,entrevista tv
id000468,HAyW98los-s,https://www.youtube.com/watch?v=HAyW98los-s,train,3,1,entrevista tv   
id000468,AgT3YV0yfmM,https://www.youtube.com/watch?v=AgT3YV0yfmM,train,4,1,entrevista tv
id000468,z80V0zfVqHs,https://www.youtube.com/watch?v=z80V0zfVqHs,train,5,1,entrevista tv

id000469,vyVRfOnvDMM,https://www.youtube.com/watch?v=vyVRfOnvDMM,train,1,1,entrevista tv
id000469,wLWHqmtj0rE,https://www.youtube.com/watch?v=wLWHqmtj0rE,train,2,1,entrevista tv
id000469,gVhiUSg3zAM,https://www.youtube.com/watch?v=gVhiUSg3zAM,train,3,1,entrevista tv   
id000469,Bp5Tqv6qNDw,https://www.youtube.com/watch?v=Bp5Tqv6qNDw,train,4,1,entrevista tv
id000469,fGHSroBRuc0,https://www.youtube.com/watch?v=fGHSroBRuc0,train,5,1,entrevista tv

id000470,AR0F8C9zIVM,https://www.youtube.com/watch?v=AR0F8C9zIVM,train,1,1,entrevista tv
id000470,_9RXN7wDrDw,https://www.youtube.com/watch?v=_9RXN7wDrDw,train,2,1,entrevista tv
id000470,-78t1uccESY,https://www.youtube.com/watch?v=-78t1uccESY,train,3,1,entrevista tv   
id000470,OZC-siOMP2Y,https://www.youtube.com/watch?v=OZC-siOMP2Y,train,4,1,entrevista tv

id000471,IgUpWL1CseA,https://www.youtube.com/watch?v=IgUpWL1CseA,train,1,1,entrevista tv
id000471,IXF7zi_0RdE,https://www.youtube.com/watch?v=IXF7zi_0RdE,train,2,1,entrevista tv
id000471,9DwAz71rB1Q,https://www.youtube.com/watch?v=9DwAz71rB1Q,train,3,1,entrevista tv   
id000471,PAATWheZ_9M,https://www.youtube.com/watch?v=PAATWheZ_9M,train,4,1,entrevista tv
id000471,KvbTyrM0RTc,https://www.youtube.com/watch?v=KvbTyrM0RTc,train,5,1,entrevista tv

id000472,6FmzXdw34S0,https://www.youtube.com/watch?v=6FmzXdw34S0,train,1,1,entrevista tv
id000472,2obVriZtClA,https://www.youtube.com/watch?v=2obVriZtClA,train,2,1,entrevista tv
id000472,eBGDOqkWA7A,https://www.youtube.com/watch?v=eBGDOqkWA7A,train,3,1,entrevista tv   
id000472,OBIGyZyBpxQ,https://www.youtube.com/watch?v=OBIGyZyBpxQ,train,4,1,entrevista tv
id000472,2o1KSPAtgWM,https://www.youtube.com/watch?v=2o1KSPAtgWM,train,5,1,entrevista tv

id000473,sLn2SG1L8-g,https://www.youtube.com/watch?v=sLn2SG1L8-g,train,1,1,entrevista tv
id000473,xZ7_huDtXh0,https://www.youtube.com/watch?v=xZ7_huDtXh0,train,2,1,entrevista tv
id000473,1PgIZ1z6rKU,https://www.youtube.com/watch?v=1PgIZ1z6rKU,train,3,1,entrevista tv   
id000473,7wswMfIQiNY,https://www.youtube.com/watch?v=7wswMfIQiNY,train,4,1,entrevista tv
id000473,7A0q3FZWB8U,https://www.youtube.com/watch?v=7A0q3FZWB8U,train,5,1,entrevista tv
id000473,tmMIUgmxWzo,https://www.youtube.com/watch?v=tmMIUgmxWzo,train,5,1,entrevista tv

id000474,gyGoDQsnuwc,https://www.youtube.com/watch?v=gyGoDQsnuwc,train,1,1,entrevista tv
id000474,TRGvA9usGto,https://www.youtube.com/watch?v=TRGvA9usGto,train,2,1,entrevista tv
id000474,nFPfZKTKlKA,https://www.youtube.com/watch?v=nFPfZKTKlKA,train,3,1,entrevista tv   
id000474,fOKIZzcyajA,https://www.youtube.com/watch?v=fOKIZzcyajA,train,4,1,entrevista tv

id000475,NpBFILJ30gg,https://www.youtube.com/watch?v=NpBFILJ30gg,train,1,1,entrevista tv
id000475,xa7d89A8lQw,https://www.youtube.com/watch?v=xa7d89A8lQw,train,2,1,entrevista tv
id000475,mHUup3pl3QQ,https://www.youtube.com/watch?v=mHUup3pl3QQ,train,3,1,entrevista tv   
id000475,0sMMA9afZws,https://www.youtube.com/watch?v=0sMMA9afZws,train,4,1,entrevista tv
id000475,0O4-PU9VOs0,https://www.youtube.com/watch?v=0O4-PU9VOs0,train,5,1,entrevista tv

id000476,L34eLSLdvws,https://www.youtube.com/watch?v=L34eLSLdvws,train,1,1,entrevista tv
id000476,H8lONOa2VsY,https://www.youtube.com/watch?v=H8lONOa2VsY,train,2,1,entrevista tv
id000476,-pQeuBb5IYU,https://www.youtube.com/watch?v=-pQeuBb5IYU,train,3,1,entrevista tv   
id000476,RvaeJ_aw-TE,https://www.youtube.com/watch?v=RvaeJ_aw-TE,train,4,1,entrevista tv
id000476,PXsu8pRiRXA,https://www.youtube.com/watch?v=PXsu8pRiRXA,train,5,1,entrevista tv

id000477,Y2Kb5Ncolcs,https://www.youtube.com/watch?v=Y2Kb5Ncolcs,train,1,1,entrevista tv
id000477,LyjV4Wm16Wg,https://www.youtube.com/watch?v=LyjV4Wm16Wg,train,2,1,entrevista tv
id000477,e6ihKx2XuiM,https://www.youtube.com/watch?v=e6ihKx2XuiM,train,3,1,entrevista tv   
id000477,5i8ifXuxlIY,https://www.youtube.com/watch?v=5i8ifXuxlIY,train,4,1,entrevista tv
id000477,zh2zptAMar0,https://www.youtube.com/watch?v=zh2zptAMar0,train,5,1,entrevista tv
id000477,-KGTsCdhy10,https://www.youtube.com/watch?v=-KGTsCdhy10,train,6,1,entrevista tv

id000478,_UnIN1rznEg,https://www.youtube.com/watch?v=_UnIN1rznEg,train,1,1,entrevista tv
id000478,kJUF_s979_Q,https://www.youtube.com/watch?v=kJUF_s979_Q,train,2,1,entrevista tv
id000478,e1SLA-xuCeY,https://www.youtube.com/watch?v=e1SLA-xuCeY,train,3,1,entrevista tv   
id000478,jHHJy_7bxI0,https://www.youtube.com/watch?v=jHHJy_7bxI0,train,4,1,entrevista tv
id000478,4Tv7klURycI,https://www.youtube.com/watch?v=4Tv7klURycI,train,5,1,entrevista tv

id000479,zKG3B1StXNQ,https://www.youtube.com/watch?v=zKG3B1StXNQ,train,1,1,entrevista tv
id000479,RcBp5LcvN-E,https://www.youtube.com/watch?v=RcBp5LcvN-E,train,2,1,entrevista tv
id000479,YFnSJB1tPWc,https://www.youtube.com/watch?v=YFnSJB1tPWc,train,3,1,entrevista tv   
id000479,vemSGSCcMbY,https://www.youtube.com/watch?v=vemSGSCcMbY,train,4,1,entrevista tv
id000479,cYEdwNt3vg8,https://www.youtube.com/watch?v=cYEdwNt3vg8,train,5,1,entrevista tv
id000479,Er9pGS8OHU8,https://www.youtube.com/watch?v=Er9pGS8OHU8,train,6,1,entrevista tv

id000480,QN1OEgkxfes,https://www.youtube.com/watch?v=QN1OEgkxfes,train,1,1,entrevista tv
id000480,0B2KTxzE6sM,https://www.youtube.com/watch?v=0B2KTxzE6sM,train,2,1,entrevista tv
id000480,r2Fc6-qXn1Q,https://www.youtube.com/watch?v=r2Fc6-qXn1Q,train,3,1,entrevista tv   
id000480,JMPLUHKtLj4,https://www.youtube.com/watch?v=JMPLUHKtLj4,train,4,1,entrevista tv
id000480,qzbByKTDRXE,https://www.youtube.com/watch?v=qzbByKTDRXE,train,5,1,entrevista tv
id000480,cNXLSGwkB5c,https://www.youtube.com/watch?v=cNXLSGwkB5c,train,6,1,entrevista tv

id000481,1R70CQkxtUM,https://www.youtube.com/watch?v=1R70CQkxtUM,train,1,1,entrevista tv
id000481,TNzXBh3AHA4,https://www.youtube.com/watch?v=TNzXBh3AHA4,train,2,1,entrevista tv
id000481,BLz9jdUqN3o,https://www.youtube.com/watch?v=BLz9jdUqN3o,train,3,1,entrevista tv   
id000481,-Zuahw9yiyU,https://www.youtube.com/watch?v=-Zuahw9yiyU,train,4,1,entrevista tv
id000481,8mE9mD1fGMs,https://www.youtube.com/watch?v=8mE9mD1fGMs,train,5,1,entrevista tv   
id000481,-cKThMjgouc,https://www.youtube.com/watch?v=-cKThMjgouc,train,6,1,entrevista tv   

id000482,7-Ag8HvZmW4,https://www.youtube.com/watch?v=7-Ag8HvZmW4,train,1,1,entrevista tv
id000482,NX1Pbpkx2xQ,https://www.youtube.com/watch?v=NX1Pbpkx2xQ,train,2,1,entrevista tv
id000482,lHfDVfk9XtQ,https://www.youtube.com/watch?v=lHfDVfk9XtQ,train,3,1,entrevista tv   
id000482,8ROamTvZ6_E,https://www.youtube.com/watch?v=8ROamTvZ6_E,train,4,1,entrevista tv

id000483,JnqafMitok8,https://www.youtube.com/watch?v=JnqafMitok8,train,1,1,entrevista tv
id000483,AucirbiA0Hw,https://www.youtube.com/watch?v=AucirbiA0Hw,train,2,1,entrevista tv
id000483,CYHHi_NzdAY,https://www.youtube.com/watch?v=CYHHi_NzdAY,train,3,1,entrevista tv   
id000483,nWLj8nqwQo0,https://www.youtube.com/watch?v=nWLj8nqwQo0,train,4,1,entrevista tv
id000483,Ucdgy1yxXR0,https://www.youtube.com/watch?v=Ucdgy1yxXR0,train,5,1,entrevista tv
id000483,ivq2Tnm4aPU,https://www.youtube.com/watch?v=ivq2Tnm4aPU,train,6,1,entrevista tv

id000484,tWl4Do0FIMs,https://www.youtube.com/watch?v=tWl4Do0FIMs,train,1,1,entrevista tv
id000484,LLMddA7Sgbw,https://www.youtube.com/watch?v=LLMddA7Sgbw,train,2,1,entrevista tv
id000484,DeCUW5rhNGw,https://www.youtube.com/watch?v=DeCUW5rhNGw,train,3,1,entrevista tv   
id000484,mXOpbRP2QVY,https://www.youtube.com/watch?v=mXOpbRP2QVY,train,4,1,entrevista tv

id000485,wsN81CDYHsA,https://www.youtube.com/watch?v=wsN81CDYHsA,train,1,1,entrevista tv
id000485,laO7NTnRdks,https://www.youtube.com/watch?v=laO7NTnRdks,train,2,1,entrevista tv
id000485,GVvX8LVxylw,https://www.youtube.com/watch?v=GVvX8LVxylw,train,3,1,entrevista tv   
id000485,dIsLqRooBAQ,https://www.youtube.com/watch?v=dIsLqRooBAQ,train,4,1,entrevista tv

id000486,6Qc8b5C5FnI,https://www.youtube.com/watch?v=6Qc8b5C5FnI,train,1,1,entrevista tv
id000486,bnVsryBedLo,https://www.youtube.com/watch?v=bnVsryBedLo,train,2,1,entrevista tv
id000486,6I3HvO_DluA,https://www.youtube.com/watch?v=6I3HvO_DluA,train,3,1,entrevista tv   
id000486,gvbjxaFm2ng,https://www.youtube.com/watch?v=gvbjxaFm2ng,train,4,1,entrevista tv

id000487,uwlZ_uqK-Uo,https://www.youtube.com/watch?v=uwlZ_uqK-Uo,train,1,1,entrevista tv
id000487,IkVcI7tW6vE,https://www.youtube.com/watch?v=IkVcI7tW6vE,train,2,1,entrevista tv
id000487,5f8Iguvm-0Q,https://www.youtube.com/watch?v=5f8Iguvm-0Q,train,3,1,entrevista tv   
id000487,Sh5hbtCET6s,https://www.youtube.com/watch?v=Sh5hbtCET6s,train,4,1,entrevista tv
id000487,w8e0TXb2WP8,https://www.youtube.com/watch?v=w8e0TXb2WP8,train,5,1,entrevista tv

id000488,z8nneHfSihU,https://www.youtube.com/watch?v=z8nneHfSihU,train,1,1,entrevista tv
id000488,Ryn9rKSJP2I,https://www.youtube.com/watch?v=Ryn9rKSJP2I,train,2,1,entrevista tv
id000488,LgreISG_M3s,https://www.youtube.com/watch?v=LgreISG_M3s,train,3,1,entrevista tv   
id000488,ga1_1UcKSHM,https://www.youtube.com/watch?v=ga1_1UcKSHM,train,4,1,entrevista tv

id000489,3GT_zQWHjWg,https://www.youtube.com/watch?v=3GT_zQWHjWg,train,1,1,entrevista tv
id000489,uDDQoID0alo,https://www.youtube.com/watch?v=uDDQoID0alo,train,2,1,entrevista tv
id000489,KVjFlWTgJMc,https://www.youtube.com/watch?v=KVjFlWTgJMc,train,3,1,entrevista tv   
id000489,M094-bHb3iU,https://www.youtube.com/watch?v=M094-bHb3iU,train,4,1,entrevista tv
id000489,oFZXgaAD35A,https://www.youtube.com/watch?v=oFZXgaAD35A,train,5,1,entrevista tv   

id000490,B38fZLyqVLc,https://www.youtube.com/watch?v=B38fZLyqVLc,train,1,1,entrevista tv
id000490,Q0WOzDchH84,https://www.youtube.com/watch?v=Q0WOzDchH84,train,2,1,entrevista tv
id000490,7j3mjai9Y68,https://www.youtube.com/watch?v=7j3mjai9Y68,train,3,1,entrevista tv   
id000490,0iSsGQD2qBg,https://www.youtube.com/watch?v=0iSsGQD2qBg,train,4,1,entrevista tv

id000491,R-kMR29Hnog,https://www.youtube.com/watch?v=R-kMR29Hnog,train,1,1,entrevista tv
id000491,jr0SsoeZ4FA,https://www.youtube.com/watch?v=jr0SsoeZ4FA,train,2,1,entrevista tv
id000491,Y3P178pSBG0,https://www.youtube.com/watch?v=Y3P178pSBG0,train,3,1,entrevista tv   
id000491,KHpMgKUVhNs,https://www.youtube.com/watch?v=KHpMgKUVhNs,train,4,1,entrevista tv
id000491,L9g4zlKCGrk,https://www.youtube.com/watch?v=L9g4zlKCGrk,train,4,1,entrevista tv

id000492,YrkYrWL1KBo,https://www.youtube.com/watch?v=YrkYrWL1KBo,train,1,1,entrevista tv
id000492,7Y0haIB9ZKk,https://www.youtube.com/watch?v=7Y0haIB9ZKk,train,2,1,entrevista tv
id000492,puSBpmJM_d4,https://www.youtube.com/watch?v=puSBpmJM_d4,train,3,1,entrevista tv   
id000492,MppovxbouFg,https://www.youtube.com/watch?v=MppovxbouFg,train,4,1,entrevista tv

id000493,F-Taote7WEU,https://www.youtube.com/watch?v=F-Taote7WEU,train,1,1,entrevista tv
id000493,uiPSDGsigt4,https://www.youtube.com/watch?v=uiPSDGsigt4,train,2,1,entrevista tv
id000493,mY7O97ZQbws,https://www.youtube.com/watch?v=mY7O97ZQbws,train,3,1,entrevista tv   
id000493,z_gTX_fyxgk,https://www.youtube.com/watch?v=z_gTX_fyxgk,train,4,1,entrevista tv

id000494,T8rEwedJ4xU,https://www.youtube.com/watch?v=T8rEwedJ4xU,train,1,1,entrevista tv
id000494,kq9M_Y1q_K4,https://www.youtube.com/watch?v=kq9M_Y1q_K4,train,2,1,entrevista tv
id000494,pyqc7_HDsXI,https://www.youtube.com/watch?v=pyqc7_HDsXI,train,3,1,entrevista tv   
id000494,yyY5LDqmonw,https://www.youtube.com/watch?v=yyY5LDqmonw,train,4,1,entrevista tv

id000495,V3AJTkV2nMY,https://www.youtube.com/watch?v=V3AJTkV2nMY,train,1,1,entrevista tv
id000495,ahZa1Frn3dk,https://www.youtube.com/watch?v=ahZa1Frn3dk,train,2,1,entrevista tv
id000495,jn3lTq5y3QY,https://www.youtube.com/watch?v=jn3lTq5y3QY,train,3,1,entrevista tv   
id000495,_KFVB6kASIo,https://www.youtube.com/watch?v=_KFVB6kASIo,train,4,1,entrevista tv
id000495,ZcA0zdmC2w0,https://www.youtube.com/watch?v=ZcA0zdmC2w0,train,5,1,entrevista tv

id000496,wctIljrHwSQ,https://www.youtube.com/watch?v=wctIljrHwSQ,train,1,1,entrevista tv
id000496,H8owIBXCF6s,https://www.youtube.com/watch?v=H8owIBXCF6s,train,2,1,entrevista tv
id000496,2ojx_3B0YAM,https://www.youtube.com/watch?v=2ojx_3B0YAM,train,3,1,entrevista tv   
id000496,lgrxxzKeT-A,https://www.youtube.com/watch?v=lgrxxzKeT-A,train,4,1,entrevista tv
id000496,Rs5tmx7bOPk,https://www.youtube.com/watch?v=Rs5tmx7bOPk,train,5,1,entrevista tv   
id000496,qOKaqr0VlvE,https://www.youtube.com/watch?v=qOKaqr0VlvE,train,6,1,entrevista tv   

id000497,iGelH4CqBOY,https://www.youtube.com/watch?v=iGelH4CqBOY,train,1,1,entrevista tv
id000497,MMgKDG1XX90,https://www.youtube.com/watch?v=MMgKDG1XX90,train,2,1,entrevista tv
id000497,S2nzGsFFljA,https://www.youtube.com/watch?v=S2nzGsFFljA,train,3,1,entrevista tv   
id000497,XNbYXRWD1_E,https://www.youtube.com/watch?v=XNbYXRWD1_E,train,4,1,entrevista tv
id000497,Z1lnlkwDbtU,https://www.youtube.com/watch?v=Z1lnlkwDbtU,train,5,1,entrevista tv

id000498,O7HSAt3Bvls,https://www.youtube.com/watch?v=O7HSAt3Bvls,train,1,1,entrevista tv
id000498,9m6KjlGXst4,https://www.youtube.com/watch?v=9m6KjlGXst4,train,2,1,entrevista tv
id000498,S_nwJHSpSR0,https://www.youtube.com/watch?v=S_nwJHSpSR0,train,3,1,entrevista tv   
id000498,h5HDDaE6jPI,https://www.youtube.com/watch?v=h5HDDaE6jPI,train,4,1,entrevista tv

id000499,PT4fg8mXcOg,https://www.youtube.com/watch?v=PT4fg8mXcOg,train,1,1,entrevista tv
id000499,G6z8ETgintU,https://www.youtube.com/watch?v=G6z8ETgintU,train,2,1,entrevista tv
id000499,1C8Bo3RHWmY,https://www.youtube.com/watch?v=1C8Bo3RHWmY,train,3,1,entrevista tv   
id000499,HUvWiALQ3J8,https://www.youtube.com/watch?v=HUvWiALQ3J8,train,4,1,entrevista tv
id000499,0IX_b2Ny0o0,https://www.youtube.com/watch?v=0IX_b2Ny0o0,train,5,1,entrevista tv

id000500,bfbnXEzs-dQ,https://www.youtube.com/watch?v=bfbnXEzs-dQ,train,1,1,entrevista tv
id000500,Ug9gehRXdZ8,https://www.youtube.com/watch?v=Ug9gehRXdZ8,train,2,1,entrevista tv
id000500,VGetvpPsTYg,https://www.youtube.com/watch?v=VGetvpPsTYg,train,3,1,entrevista tv   
id000500,djtkO2v2d50,https://www.youtube.com/watch?v=djtkO2v2d50,train,4,1,entrevista tv

